id,tipo_examen
1,ElectroCardiograma
2,Antidoping
3,ElectroEncefalograma
4,ElectroCardiograma
5,ElectroEncefalograma
6,Radiologia
7,Baciloscopia
8,Biopsia
9,Antidoping
10,ElectroCardiograma
11,Radiologia
12,Radiologia
13,ADN
14,Amilasa Serica
15,Baciloscopia
16,ElectroCardiograma
17,Embarazo
18,Amilasa Serica
19,Radiologia
20,ElectroCardiograma
21,Antidoping
22,Biopsia
23,ADN
24,Antidoping
25,ADN
26,Sangre
27,Embarazo
28,Antidoping
29,Radiologia
30,Radiologia
31,ElectroEncefalograma
32,Antidoping
33,ElectroCardiograma
34,Sangre
35,Biopsia
36,Baciloscopia
37,ElectroCardiograma
38,ADN
39,Radiologia
40,Antidoping
41,Biopsia
42,Baciloscopia
43,ElectroCardiograma
44,Sangre
45,Antidoping
46,ElectroEncefalograma
47,ElectroEncefalograma
48,Biopsia
49,Antidoping
50,Baciloscopia
51,Baciloscopia
52,Embarazo
53,Biopsia
54,Baciloscopia
55,Biopsia
56,Biopsia
57,Biopsia
58,Radiologia
59,ElectroCardiograma
60,Embarazo
61,Sangre
62,Amilasa Serica
63,Amilasa Serica
64,Antidoping
65,ADN
66,Baciloscopia
67,Radiologia
68,ElectroEncefalograma
69,Biopsia
70,Amilasa Serica
71,Radiologia
72,ElectroCardiograma
73,Sangre
74,ADN
75,Antidoping
76,ADN
77,Radiologia
78,Amilasa Serica
79,Antidoping
80,ADN
81,Baciloscopia
82,ElectroEncefalograma
83,ElectroEncefalograma
84,Radiologia
85,ElectroEncefalograma
86,Radiologia
87,Embarazo
88,Sangre
89,Radiologia
90,Biopsia
91,Baciloscopia
92,Radiologia
93,Baciloscopia
94,Antidoping
95,Sangre
96,Amilasa Serica
97,Sangre
98,ADN
99,ElectroCardiograma
100,Baciloscopia
101,Sangre
102,Sangre
103,ElectroEncefalograma
104,Sangre
105,Antidoping
106,ElectroEncefalograma
107,Antidoping
108,Baciloscopia
109,Biopsia
110,Antidoping
111,Sangre
112,ElectroEncefalograma
113,ElectroEncefalograma
114,ElectroCardiograma
115,Antidoping
116,Biopsia
117,ElectroEncefalograma
118,Embarazo
119,Radiologia
120,Embarazo
121,ADN
122,Baciloscopia
123,Sangre
124,ADN
125,Biopsia
126,Amilasa Serica
127,ADN
128,ADN
129,Biopsia
130,ElectroEncefalograma
131,Antidoping
132,Biopsia
133,Sangre
134,Radiologia
135,ElectroCardiograma
136,Biopsia
137,Sangre
138,Antidoping
139,ElectroEncefalograma
140,Antidoping
141,Biopsia
142,Embarazo
143,Sangre
144,ADN
145,ADN
146,Antidoping
147,ElectroCardiograma
148,Sangre
149,ElectroEncefalograma
150,Antidoping
151,Sangre
152,Embarazo
153,Antidoping
154,ADN
155,Antidoping
156,Antidoping
157,Sangre
158,Baciloscopia
159,Baciloscopia
160,Sangre
161,Sangre
162,Radiologia
163,Radiologia
164,Biopsia
165,ADN
166,ADN
167,Sangre
168,Biopsia
169,ElectroCardiograma
170,ElectroCardiograma
171,Embarazo
172,Baciloscopia
173,Sangre
174,Amilasa Serica
175,ADN
176,ElectroCardiograma
177,Sangre
178,Amilasa Serica
179,ElectroCardiograma
180,ADN
181,Antidoping
182,Radiologia
183,Antidoping
184,Radiologia
185,Baciloscopia
186,Radiologia
187,ADN
188,ADN
189,Antidoping
190,Sangre
191,ElectroEncefalograma
192,Radiologia
193,Radiologia
194,Amilasa Serica
195,ElectroEncefalograma
196,Radiologia
197,Embarazo
198,ElectroEncefalograma
199,Antidoping
200,Sangre
201,Antidoping
202,Sangre
203,ADN
204,Baciloscopia
205,Radiologia
206,ElectroEncefalograma
207,ADN
208,ElectroEncefalograma
209,Baciloscopia
210,ElectroCardiograma
211,Baciloscopia
212,Radiologia
213,Embarazo
214,Amilasa Serica
215,Baciloscopia
216,Antidoping
217,Amilasa Serica
218,Biopsia
219,Amilasa Serica
220,ElectroCardiograma
221,Baciloscopia
222,Sangre
223,ADN
224,ElectroEncefalograma
225,Amilasa Serica
226,Biopsia
227,ElectroEncefalograma
228,Radiologia
229,Amilasa Serica
230,Antidoping
231,Antidoping
232,ElectroEncefalograma
233,Baciloscopia
234,Amilasa Serica
235,ElectroEncefalograma
236,ADN
237,ElectroCardiograma
238,ElectroEncefalograma
239,Antidoping
240,Embarazo
241,ElectroEncefalograma
242,Biopsia
243,Antidoping
244,Radiologia
245,Sangre
246,Embarazo
247,ElectroCardiograma
248,Radiologia
249,Sangre
250,Antidoping
251,Sangre
252,Biopsia
253,ADN
254,Amilasa Serica
255,Antidoping
256,Amilasa Serica
257,ADN
258,Amilasa Serica
259,ElectroEncefalograma
260,Amilasa Serica
261,ElectroCardiograma
262,ADN
263,Radiologia
264,Antidoping
265,Biopsia
266,Embarazo
267,Sangre
268,Radiologia
269,Amilasa Serica
270,Sangre
271,Embarazo
272,Sangre
273,Biopsia
274,Antidoping
275,Sangre
276,Baciloscopia
277,ElectroCardiograma
278,Amilasa Serica
279,Antidoping
280,ElectroEncefalograma
281,Embarazo
282,ElectroEncefalograma
283,ADN
284,Baciloscopia
285,ElectroCardiograma
286,ElectroCardiograma
287,Amilasa Serica
288,Radiologia
289,ADN
290,Baciloscopia
291,Baciloscopia
292,Biopsia
293,Biopsia
294,Embarazo
295,Sangre
296,Biopsia
297,ElectroEncefalograma
298,ADN
299,ElectroCardiograma
300,ADN
301,ADN
302,Biopsia
303,ElectroEncefalograma
304,ElectroEncefalograma
305,ADN
306,Baciloscopia
307,ElectroEncefalograma
308,Biopsia
309,Baciloscopia
310,Sangre
311,ElectroCardiograma
312,Sangre
313,Amilasa Serica
314,Baciloscopia
315,Embarazo
316,ADN
317,ElectroCardiograma
318,ADN
319,Radiologia
320,Radiologia
321,ElectroEncefalograma
322,Amilasa Serica
323,Radiologia
324,ElectroCardiograma
325,Antidoping
326,ElectroEncefalograma
327,Antidoping
328,ADN
329,Biopsia
330,Sangre
331,Baciloscopia
332,ADN
333,Radiologia
334,ADN
335,Amilasa Serica
336,Sangre
337,Antidoping
338,ADN
339,Embarazo
340,Sangre
341,Baciloscopia
342,Sangre
343,ElectroEncefalograma
344,ElectroCardiograma
345,Amilasa Serica
346,ADN
347,Amilasa Serica
348,ElectroCardiograma
349,Baciloscopia
350,Sangre
351,ElectroCardiograma
352,ADN
353,Embarazo
354,ADN
355,Sangre
356,ElectroEncefalograma
357,ElectroEncefalograma
358,ElectroCardiograma
359,Amilasa Serica
360,Biopsia
361,ElectroEncefalograma
362,ElectroEncefalograma
363,Amilasa Serica
364,Biopsia
365,Antidoping
366,ElectroCardiograma
367,ElectroCardiograma
368,ElectroEncefalograma
369,Antidoping
370,Biopsia
371,Radiologia
372,Radiologia
373,Radiologia
374,Sangre
375,Baciloscopia
376,ElectroCardiograma
377,Amilasa Serica
378,ElectroEncefalograma
379,Radiologia
380,Biopsia
381,ADN
382,Amilasa Serica
383,Baciloscopia
384,Embarazo
385,Amilasa Serica
386,Biopsia
387,ADN
388,Antidoping
389,ElectroEncefalograma
390,Radiologia
391,ADN
392,Embarazo
393,Sangre
394,Biopsia
395,ElectroEncefalograma
396,ADN
397,Amilasa Serica
398,Amilasa Serica
399,Biopsia
400,ElectroEncefalograma
401,Biopsia
402,ElectroCardiograma
403,Radiologia
404,Sangre
405,ElectroEncefalograma
406,Baciloscopia
407,Embarazo
408,ADN
409,Amilasa Serica
410,Embarazo
411,Antidoping
412,Sangre
413,Sangre
414,Amilasa Serica
415,Biopsia
416,ElectroEncefalograma
417,Radiologia
418,Antidoping
419,Amilasa Serica
420,Radiologia
421,Amilasa Serica
422,Radiologia
423,ElectroEncefalograma
424,Sangre
425,ADN
426,Biopsia
427,Amilasa Serica
428,Sangre
429,ADN
430,Biopsia
431,ElectroEncefalograma
432,Baciloscopia
433,Amilasa Serica
434,ElectroEncefalograma
435,ADN
436,ElectroCardiograma
437,Embarazo
438,Radiologia
439,Biopsia
440,ElectroCardiograma
441,Sangre
442,Biopsia
443,ElectroEncefalograma
444,Sangre
445,ElectroEncefalograma
446,ElectroEncefalograma
447,ElectroCardiograma
448,Embarazo
449,ElectroCardiograma
450,Sangre
451,Biopsia
452,Amilasa Serica
453,Baciloscopia
454,Biopsia
455,Baciloscopia
456,Sangre
457,Antidoping
458,ADN
459,Biopsia
460,Sangre
461,ElectroCardiograma
462,Baciloscopia
463,Amilasa Serica
464,Radiologia
465,ADN
466,ADN
467,ElectroEncefalograma
468,ElectroEncefalograma
469,ADN
470,Radiologia
471,Embarazo
472,Embarazo
473,Baciloscopia
474,Baciloscopia
475,Amilasa Serica
476,ElectroCardiograma
477,Sangre
478,Antidoping
479,ElectroCardiograma
480,Baciloscopia
481,ElectroCardiograma
482,Amilasa Serica
483,Biopsia
484,Embarazo
485,Baciloscopia
486,Embarazo
487,Radiologia
488,Baciloscopia
489,ElectroCardiograma
490,ElectroCardiograma
491,Baciloscopia
492,Radiologia
493,Sangre
494,Baciloscopia
495,ElectroCardiograma
496,Biopsia
497,Baciloscopia
498,Sangre
499,Biopsia
500,ADN
501,Embarazo
502,ADN
503,Radiologia
504,Baciloscopia
505,Amilasa Serica
506,Antidoping
507,ElectroEncefalograma
508,ADN
509,Radiologia
510,Amilasa Serica
511,ADN
512,ADN
513,Sangre
514,Sangre
515,Antidoping
516,Embarazo
517,ADN
518,Sangre
519,Biopsia
520,ElectroEncefalograma
521,Embarazo
522,Biopsia
523,ElectroCardiograma
524,Baciloscopia
525,ElectroCardiograma
526,Sangre
527,ElectroEncefalograma
528,Antidoping
529,Biopsia
530,Antidoping
531,Baciloscopia
532,ElectroCardiograma
533,Baciloscopia
534,ElectroCardiograma
535,Antidoping
536,Embarazo
537,Baciloscopia
538,ADN
539,Antidoping
540,ElectroCardiograma
541,Antidoping
542,Embarazo
543,Sangre
544,Embarazo
545,Amilasa Serica
546,Antidoping
547,Baciloscopia
548,Antidoping
549,Baciloscopia
550,Biopsia
551,ElectroCardiograma
552,Biopsia
553,ElectroEncefalograma
554,Radiologia
555,Embarazo
556,Amilasa Serica
557,Radiologia
558,Radiologia
559,Antidoping
560,ADN
561,Baciloscopia
562,ElectroCardiograma
563,Radiologia
564,Baciloscopia
565,Sangre
566,ADN
567,Baciloscopia
568,Baciloscopia
569,Biopsia
570,Baciloscopia
571,ElectroEncefalograma
572,ElectroCardiograma
573,Antidoping
574,Radiologia
575,ElectroEncefalograma
576,Embarazo
577,ElectroEncefalograma
578,Sangre
579,ADN
580,Embarazo
581,ElectroEncefalograma
582,Radiologia
583,Embarazo
584,ElectroCardiograma
585,Biopsia
586,Biopsia
587,Radiologia
588,ElectroCardiograma
589,ElectroCardiograma
590,Amilasa Serica
591,Sangre
592,Sangre
593,Embarazo
594,Embarazo
595,Biopsia
596,Embarazo
597,ADN
598,Embarazo
599,ADN
600,Amilasa Serica
601,ADN
602,Biopsia
603,ElectroCardiograma
604,Radiologia
605,ElectroCardiograma
606,Baciloscopia
607,Biopsia
608,Antidoping
609,Baciloscopia
610,Embarazo
611,ElectroCardiograma
612,Embarazo
613,Embarazo
614,Biopsia
615,ElectroCardiograma
616,Amilasa Serica
617,Amilasa Serica
618,Radiologia
619,ElectroEncefalograma
620,Antidoping
621,Biopsia
622,Embarazo
623,ElectroEncefalograma
624,ADN
625,Sangre
626,Amilasa Serica
627,Baciloscopia
628,Sangre
629,ElectroCardiograma
630,Embarazo
631,Biopsia
632,Antidoping
633,Embarazo
634,ElectroCardiograma
635,ElectroEncefalograma
636,ADN
637,Antidoping
638,Biopsia
639,Embarazo
640,ElectroCardiograma
641,ElectroCardiograma
642,Embarazo
643,Embarazo
644,Sangre
645,Biopsia
646,ElectroEncefalograma
647,ElectroEncefalograma
648,ElectroEncefalograma
649,Baciloscopia
650,Biopsia
651,ElectroCardiograma
652,Sangre
653,Radiologia
654,Amilasa Serica
655,ElectroEncefalograma
656,Antidoping
657,Antidoping
658,Sangre
659,Amilasa Serica
660,Embarazo
661,Amilasa Serica
662,Amilasa Serica
663,Radiologia
664,Antidoping
665,Baciloscopia
666,ElectroEncefalograma
667,ADN
668,Antidoping
669,Sangre
670,Biopsia
671,Sangre
672,Antidoping
673,ElectroEncefalograma
674,ElectroEncefalograma
675,Embarazo
676,Sangre
677,Sangre
678,Sangre
679,ElectroEncefalograma
680,Radiologia
681,Amilasa Serica
682,ElectroCardiograma
683,Sangre
684,Radiologia
685,Radiologia
686,ElectroCardiograma
687,Sangre
688,Radiologia
689,ElectroEncefalograma
690,ADN
691,Antidoping
692,Biopsia
693,Sangre
694,ElectroCardiograma
695,Antidoping
696,Biopsia
697,Embarazo
698,Antidoping
699,Biopsia
700,ADN
701,ElectroEncefalograma
702,Baciloscopia
703,Amilasa Serica
704,Antidoping
705,Embarazo
706,Sangre
707,Amilasa Serica
708,ElectroCardiograma
709,Amilasa Serica
710,ADN
711,Embarazo
712,Antidoping
713,Sangre
714,Antidoping
715,Biopsia
716,Biopsia
717,Antidoping
718,Radiologia
719,Antidoping
720,Amilasa Serica
721,Embarazo
722,ElectroEncefalograma
723,Biopsia
724,Amilasa Serica
725,ElectroEncefalograma
726,ElectroEncefalograma
727,Biopsia
728,Baciloscopia
729,ElectroEncefalograma
730,ADN
731,Radiologia
732,ElectroEncefalograma
733,Radiologia
734,Amilasa Serica
735,Baciloscopia
736,Embarazo
737,Sangre
738,Radiologia
739,Radiologia
740,Amilasa Serica
741,ElectroCardiograma
742,Biopsia
743,ElectroEncefalograma
744,Biopsia
745,Baciloscopia
746,Embarazo
747,Biopsia
748,Sangre
749,Antidoping
750,ElectroEncefalograma
751,Radiologia
752,Embarazo
753,Antidoping
754,ElectroEncefalograma
755,Biopsia
756,ADN
757,Antidoping
758,ElectroCardiograma
759,Sangre
760,Radiologia
761,Amilasa Serica
762,ADN
763,Radiologia
764,ElectroEncefalograma
765,ElectroCardiograma
766,Antidoping
767,Embarazo
768,Radiologia
769,Biopsia
770,ElectroCardiograma
771,Radiologia
772,Antidoping
773,Amilasa Serica
774,Sangre
775,Biopsia
776,ADN
777,Baciloscopia
778,Embarazo
779,ElectroCardiograma
780,Antidoping
781,Biopsia
782,ElectroCardiograma
783,Antidoping
784,Embarazo
785,ElectroEncefalograma
786,Radiologia
787,ElectroEncefalograma
788,Embarazo
789,ADN
790,Baciloscopia
791,Biopsia
792,Sangre
793,Baciloscopia
794,Antidoping
795,Baciloscopia
796,Baciloscopia
797,Biopsia
798,ElectroEncefalograma
799,Antidoping
800,ElectroCardiograma
801,Antidoping
802,Biopsia
803,Embarazo
804,ElectroEncefalograma
805,ElectroCardiograma
806,Radiologia
807,Amilasa Serica
808,Amilasa Serica
809,Sangre
810,Antidoping
811,Sangre
812,Embarazo
813,Baciloscopia
814,Baciloscopia
815,Embarazo
816,Amilasa Serica
817,Antidoping
818,Sangre
819,Biopsia
820,Embarazo
821,Embarazo
822,ElectroCardiograma
823,Biopsia
824,Biopsia
825,ElectroCardiograma
826,Biopsia
827,Sangre
828,Embarazo
829,ElectroEncefalograma
830,ADN
831,Radiologia
832,ElectroCardiograma
833,Embarazo
834,ElectroCardiograma
835,ElectroEncefalograma
836,Biopsia
837,ElectroEncefalograma
838,Embarazo
839,ElectroCardiograma
840,ElectroEncefalograma
841,ADN
842,Embarazo
843,ElectroCardiograma
844,ElectroEncefalograma
845,Baciloscopia
846,ElectroEncefalograma
847,Biopsia
848,Amilasa Serica
849,ADN
850,ElectroCardiograma
851,Embarazo
852,Amilasa Serica
853,Amilasa Serica
854,Biopsia
855,Amilasa Serica
856,ADN
857,Amilasa Serica
858,Baciloscopia
859,Biopsia
860,Amilasa Serica
861,Radiologia
862,ElectroEncefalograma
863,Radiologia
864,Embarazo
865,ElectroCardiograma
866,Baciloscopia
867,ElectroEncefalograma
868,ElectroCardiograma
869,Embarazo
870,Amilasa Serica
871,Antidoping
872,Sangre
873,ElectroCardiograma
874,Sangre
875,ADN
876,Amilasa Serica
877,Sangre
878,ElectroEncefalograma
879,Antidoping
880,Sangre
881,Sangre
882,Embarazo
883,Amilasa Serica
884,Antidoping
885,Biopsia
886,Amilasa Serica
887,Biopsia
888,Baciloscopia
889,Antidoping
890,Antidoping
891,ElectroEncefalograma
892,ElectroEncefalograma
893,Biopsia
894,Embarazo
895,Embarazo
896,Sangre
897,Biopsia
898,ElectroCardiograma
899,Sangre
900,Sangre
901,Radiologia
902,Embarazo
903,Antidoping
904,ElectroCardiograma
905,Radiologia
906,ElectroEncefalograma
907,Amilasa Serica
908,ElectroEncefalograma
909,ElectroEncefalograma
910,Baciloscopia
911,Embarazo
912,Amilasa Serica
913,ElectroEncefalograma
914,Sangre
915,ADN
916,Amilasa Serica
917,ElectroCardiograma
918,ElectroEncefalograma
919,Radiologia
920,Radiologia
921,Sangre
922,Biopsia
923,ElectroCardiograma
924,ADN
925,Radiologia
926,Sangre
927,Antidoping
928,ElectroCardiograma
929,ElectroEncefalograma
930,Embarazo
931,Embarazo
932,ADN
933,Biopsia
934,ElectroCardiograma
935,Antidoping
936,ADN
937,ElectroEncefalograma
938,Amilasa Serica
939,Amilasa Serica
940,Biopsia
941,ElectroCardiograma
942,ElectroEncefalograma
943,ElectroEncefalograma
944,ElectroCardiograma
945,ElectroCardiograma
946,ElectroCardiograma
947,ElectroEncefalograma
948,Antidoping
949,Antidoping
950,Biopsia
951,ADN
952,Radiologia
953,Embarazo
954,Radiologia
955,ElectroEncefalograma
956,Antidoping
957,ElectroCardiograma
958,ElectroEncefalograma
959,Biopsia
960,Amilasa Serica
961,ElectroCardiograma
962,Baciloscopia
963,Embarazo
964,Baciloscopia
965,Radiologia
966,Embarazo
967,Embarazo
968,ElectroEncefalograma
969,ElectroCardiograma
970,Sangre
971,Baciloscopia
972,Sangre
973,ElectroCardiograma
974,Sangre
975,Sangre
976,Antidoping
977,Embarazo
978,ADN
979,Embarazo
980,ElectroEncefalograma
981,Radiologia
982,Amilasa Serica
983,Radiologia
984,Antidoping
985,Amilasa Serica
986,ADN
987,ElectroEncefalograma
988,ElectroEncefalograma
989,Embarazo
990,ElectroEncefalograma
991,Antidoping
992,Radiologia
993,ElectroEncefalograma
994,Baciloscopia
995,ADN
996,Antidoping
997,Baciloscopia
998,Baciloscopia
999,Embarazo
1000,ADN
1001,ElectroCardiograma
1002,ElectroEncefalograma
1003,ADN
1004,Amilasa Serica
1005,Embarazo
1006,Baciloscopia
1007,ADN
1008,ElectroCardiograma
1009,Sangre
1010,ADN
1011,Sangre
1012,Radiologia
1013,ElectroEncefalograma
1014,ElectroEncefalograma
1015,Baciloscopia
1016,Baciloscopia
1017,Sangre
1018,Sangre
1019,ElectroEncefalograma
1020,ElectroEncefalograma
1021,Antidoping
1022,Antidoping
1023,Biopsia
1024,ElectroEncefalograma
1025,Radiologia
1026,Embarazo
1027,ElectroCardiograma
1028,ElectroCardiograma
1029,ElectroEncefalograma
1030,ElectroEncefalograma
1031,Embarazo
1032,ElectroEncefalograma
1033,Amilasa Serica
1034,Radiologia
1035,ElectroCardiograma
1036,Antidoping
1037,Baciloscopia
1038,ElectroEncefalograma
1039,Radiologia
1040,ElectroCardiograma
1041,Antidoping
1042,Biopsia
1043,Embarazo
1044,ADN
1045,Antidoping
1046,Embarazo
1047,ADN
1048,Embarazo
1049,Sangre
1050,Embarazo
1051,Biopsia
1052,Baciloscopia
1053,ElectroCardiograma
1054,Biopsia
1055,Antidoping
1056,Baciloscopia
1057,Amilasa Serica
1058,Biopsia
1059,ADN
1060,ElectroEncefalograma
1061,ADN
1062,ElectroCardiograma
1063,ElectroEncefalograma
1064,Biopsia
1065,ADN
1066,ElectroCardiograma
1067,Sangre
1068,Antidoping
1069,Sangre
1070,Embarazo
1071,Amilasa Serica
1072,ElectroCardiograma
1073,Embarazo
1074,Amilasa Serica
1075,Embarazo
1076,ADN
1077,Biopsia
1078,ElectroCardiograma
1079,Amilasa Serica
1080,Biopsia
1081,ADN
1082,Biopsia
1083,Biopsia
1084,Embarazo
1085,Radiologia
1086,Sangre
1087,Biopsia
1088,ADN
1089,Embarazo
1090,ElectroEncefalograma
1091,ADN
1092,Embarazo
1093,ElectroCardiograma
1094,Baciloscopia
1095,Sangre
1096,Biopsia
1097,ADN
1098,ElectroCardiograma
1099,Antidoping
1100,Radiologia
1101,ElectroCardiograma
1102,Embarazo
1103,ElectroCardiograma
1104,Amilasa Serica
1105,Baciloscopia
1106,Radiologia
1107,ADN
1108,ADN
1109,Baciloscopia
1110,ElectroCardiograma
1111,ADN
1112,Antidoping
1113,Radiologia
1114,Biopsia
1115,ElectroEncefalograma
1116,ADN
1117,ElectroEncefalograma
1118,Embarazo
1119,Antidoping
1120,Baciloscopia
1121,Baciloscopia
1122,Antidoping
1123,Amilasa Serica
1124,ElectroCardiograma
1125,Sangre
1126,Amilasa Serica
1127,Embarazo
1128,Sangre
1129,Radiologia
1130,Baciloscopia
1131,Radiologia
1132,Amilasa Serica
1133,ADN
1134,Embarazo
1135,ElectroEncefalograma
1136,Embarazo
1137,Baciloscopia
1138,Biopsia
1139,Radiologia
1140,Embarazo
1141,Biopsia
1142,Radiologia
1143,Radiologia
1144,Antidoping
1145,ADN
1146,Baciloscopia
1147,Radiologia
1148,Biopsia
1149,Sangre
1150,Embarazo
1151,Baciloscopia
1152,Antidoping
1153,ElectroCardiograma
1154,ElectroEncefalograma
1155,ElectroCardiograma
1156,Radiologia
1157,Embarazo
1158,Sangre
1159,ElectroCardiograma
1160,Antidoping
1161,Sangre
1162,Radiologia
1163,ADN
1164,Biopsia
1165,Embarazo
1166,ElectroEncefalograma
1167,ADN
1168,ADN
1169,Radiologia
1170,Biopsia
1171,Embarazo
1172,Radiologia
1173,Amilasa Serica
1174,ElectroEncefalograma
1175,Antidoping
1176,Embarazo
1177,Antidoping
1178,Embarazo
1179,Baciloscopia
1180,ElectroCardiograma
1181,Biopsia
1182,ElectroEncefalograma
1183,ElectroCardiograma
1184,Radiologia
1185,Antidoping
1186,Embarazo
1187,ElectroCardiograma
1188,ElectroEncefalograma
1189,Embarazo
1190,ADN
1191,Baciloscopia
1192,Baciloscopia
1193,Baciloscopia
1194,ElectroCardiograma
1195,ElectroEncefalograma
1196,Radiologia
1197,ADN
1198,ElectroEncefalograma
1199,Embarazo
1200,Biopsia
1201,ElectroCardiograma
1202,ElectroEncefalograma
1203,Radiologia
1204,Biopsia
1205,ElectroEncefalograma
1206,Embarazo
1207,Sangre
1208,ElectroEncefalograma
1209,Antidoping
1210,Radiologia
1211,Radiologia
1212,Embarazo
1213,ElectroEncefalograma
1214,ElectroEncefalograma
1215,Embarazo
1216,Baciloscopia
1217,Embarazo
1218,Sangre
1219,Amilasa Serica
1220,Embarazo
1221,ElectroEncefalograma
1222,Radiologia
1223,Amilasa Serica
1224,Biopsia
1225,Radiologia
1226,ElectroEncefalograma
1227,Biopsia
1228,Baciloscopia
1229,Sangre
1230,ADN
1231,ADN
1232,Sangre
1233,ElectroCardiograma
1234,Radiologia
1235,Antidoping
1236,Embarazo
1237,Sangre
1238,Antidoping
1239,ElectroCardiograma
1240,Biopsia
1241,Baciloscopia
1242,Radiologia
1243,Amilasa Serica
1244,Sangre
1245,Embarazo
1246,Sangre
1247,Radiologia
1248,Biopsia
1249,ElectroEncefalograma
1250,ElectroEncefalograma
1251,Biopsia
1252,Sangre
1253,Amilasa Serica
1254,Embarazo
1255,ADN
1256,Sangre
1257,Biopsia
1258,Biopsia
1259,Baciloscopia
1260,ElectroEncefalograma
1261,Antidoping
1262,Embarazo
1263,Antidoping
1264,Antidoping
1265,Baciloscopia
1266,Embarazo
1267,ElectroCardiograma
1268,ADN
1269,Antidoping
1270,Antidoping
1271,Embarazo
1272,Antidoping
1273,ElectroCardiograma
1274,ElectroEncefalograma
1275,Sangre
1276,ElectroCardiograma
1277,Embarazo
1278,Embarazo
1279,ElectroCardiograma
1280,Antidoping
1281,ElectroEncefalograma
1282,Amilasa Serica
1283,ElectroEncefalograma
1284,Sangre
1285,Embarazo
1286,Radiologia
1287,Baciloscopia
1288,Baciloscopia
1289,Antidoping
1290,ElectroCardiograma
1291,Biopsia
1292,ElectroCardiograma
1293,ADN
1294,Radiologia
1295,ADN
1296,Radiologia
1297,Antidoping
1298,Antidoping
1299,Antidoping
1300,Radiologia
1301,ADN
1302,Radiologia
1303,ElectroCardiograma
1304,ElectroEncefalograma
1305,Baciloscopia
1306,ElectroEncefalograma
1307,Embarazo
1308,ADN
1309,ElectroEncefalograma
1310,Baciloscopia
1311,Antidoping
1312,ElectroCardiograma
1313,Embarazo
1314,Embarazo
1315,ElectroCardiograma
1316,Biopsia
1317,ElectroEncefalograma
1318,Baciloscopia
1319,ElectroCardiograma
1320,ElectroCardiograma
1321,Embarazo
1322,Biopsia
1323,Antidoping
1324,Antidoping
1325,Embarazo
1326,Radiologia
1327,Embarazo
1328,ElectroCardiograma
1329,ElectroEncefalograma
1330,ADN
1331,Radiologia
1332,ADN
1333,Radiologia
1334,ElectroCardiograma
1335,ElectroCardiograma
1336,Antidoping
1337,ElectroCardiograma
1338,Embarazo
1339,ElectroCardiograma
1340,Radiologia
1341,Amilasa Serica
1342,Radiologia
1343,ElectroEncefalograma
1344,ElectroEncefalograma
1345,Baciloscopia
1346,Antidoping
1347,Sangre
1348,ElectroEncefalograma
1349,Biopsia
1350,Baciloscopia
1351,Baciloscopia
1352,ElectroCardiograma
1353,Embarazo
1354,ElectroCardiograma
1355,Antidoping
1356,Antidoping
1357,ElectroCardiograma
1358,Sangre
1359,ADN
1360,Radiologia
1361,Biopsia
1362,ElectroEncefalograma
1363,ElectroCardiograma
1364,Radiologia
1365,ElectroEncefalograma
1366,ElectroCardiograma
1367,ADN
1368,Antidoping
1369,Biopsia
1370,Baciloscopia
1371,Baciloscopia
1372,ADN
1373,Embarazo
1374,Radiologia
1375,Amilasa Serica
1376,Sangre
1377,ElectroCardiograma
1378,Baciloscopia
1379,ElectroCardiograma
1380,Sangre
1381,ElectroCardiograma
1382,Biopsia
1383,ElectroEncefalograma
1384,Baciloscopia
1385,ADN
1386,Embarazo
1387,ADN
1388,Baciloscopia
1389,Biopsia
1390,Baciloscopia
1391,Sangre
1392,ElectroEncefalograma
1393,ElectroCardiograma
1394,ElectroEncefalograma
1395,Baciloscopia
1396,Biopsia
1397,ElectroCardiograma
1398,Amilasa Serica
1399,Radiologia
1400,Biopsia
1401,ElectroEncefalograma
1402,ElectroEncefalograma
1403,Biopsia
1404,Radiologia
1405,Sangre
1406,Biopsia
1407,Embarazo
1408,ElectroCardiograma
1409,ElectroCardiograma
1410,Baciloscopia
1411,Embarazo
1412,Radiologia
1413,Baciloscopia
1414,Biopsia
1415,ElectroCardiograma
1416,ElectroCardiograma
1417,Baciloscopia
1418,ElectroCardiograma
1419,ElectroCardiograma
1420,Antidoping
1421,Embarazo
1422,Baciloscopia
1423,Amilasa Serica
1424,ADN
1425,Radiologia
1426,Sangre
1427,ElectroEncefalograma
1428,ADN
1429,ElectroEncefalograma
1430,Embarazo
1431,ADN
1432,Amilasa Serica
1433,Biopsia
1434,Biopsia
1435,Biopsia
1436,Antidoping
1437,ElectroCardiograma
1438,Embarazo
1439,Radiologia
1440,ElectroCardiograma
1441,Radiologia
1442,ElectroEncefalograma
1443,Amilasa Serica
1444,Embarazo
1445,ElectroCardiograma
1446,Antidoping
1447,Baciloscopia
1448,Embarazo
1449,Antidoping
1450,Embarazo
1451,Sangre
1452,Antidoping
1453,Antidoping
1454,Sangre
1455,Amilasa Serica
1456,Antidoping
1457,Amilasa Serica
1458,Antidoping
1459,ADN
1460,ElectroEncefalograma
1461,Amilasa Serica
1462,ElectroEncefalograma
1463,ElectroEncefalograma
1464,Embarazo
1465,ElectroEncefalograma
1466,Amilasa Serica
1467,Embarazo
1468,ADN
1469,ElectroCardiograma
1470,ADN
1471,ADN
1472,Amilasa Serica
1473,ElectroEncefalograma
1474,ElectroEncefalograma
1475,ADN
1476,Biopsia
1477,ADN
1478,Sangre
1479,Biopsia
1480,Biopsia
1481,Amilasa Serica
1482,ElectroCardiograma
1483,Radiologia
1484,Embarazo
1485,Radiologia
1486,Sangre
1487,ADN
1488,Antidoping
1489,ElectroEncefalograma
1490,Sangre
1491,Amilasa Serica
1492,Amilasa Serica
1493,Sangre
1494,Amilasa Serica
1495,Embarazo
1496,Embarazo
1497,Baciloscopia
1498,Biopsia
1499,ElectroCardiograma
1500,Antidoping
1501,Biopsia
1502,Amilasa Serica
1503,Antidoping
1504,ADN
1505,Antidoping
1506,ADN
1507,Baciloscopia
1508,Radiologia
1509,ADN
1510,Amilasa Serica
1511,Antidoping
1512,Radiologia
1513,Embarazo
1514,Amilasa Serica
1515,Embarazo
1516,ADN
1517,ElectroCardiograma
1518,Radiologia
1519,ElectroCardiograma
1520,Antidoping
1521,Amilasa Serica
1522,ElectroCardiograma
1523,Sangre
1524,Antidoping
1525,Embarazo
1526,Baciloscopia
1527,Sangre
1528,Baciloscopia
1529,ElectroCardiograma
1530,Sangre
1531,Baciloscopia
1532,Biopsia
1533,Amilasa Serica
1534,ElectroCardiograma
1535,Amilasa Serica
1536,Embarazo
1537,Amilasa Serica
1538,Radiologia
1539,ElectroCardiograma
1540,Baciloscopia
1541,Biopsia
1542,Embarazo
1543,Embarazo
1544,Antidoping
1545,ElectroEncefalograma
1546,ADN
1547,ADN
1548,ElectroEncefalograma
1549,ElectroEncefalograma
1550,Amilasa Serica
1551,Baciloscopia
1552,Biopsia
1553,Biopsia
1554,Antidoping
1555,Embarazo
1556,Embarazo
1557,ElectroCardiograma
1558,Radiologia
1559,Baciloscopia
1560,Embarazo
1561,Biopsia
1562,Sangre
1563,Biopsia
1564,ADN
1565,Embarazo
1566,Biopsia
1567,Biopsia
1568,Baciloscopia
1569,Embarazo
1570,Radiologia
1571,Biopsia
1572,ElectroCardiograma
1573,Radiologia
1574,Baciloscopia
1575,ElectroCardiograma
1576,ADN
1577,ADN
1578,Antidoping
1579,Embarazo
1580,Amilasa Serica
1581,Antidoping
1582,Biopsia
1583,ElectroEncefalograma
1584,ElectroCardiograma
1585,Baciloscopia
1586,Biopsia
1587,Sangre
1588,ADN
1589,Biopsia
1590,Antidoping
1591,Baciloscopia
1592,Antidoping
1593,Embarazo
1594,ElectroCardiograma
1595,ADN
1596,Biopsia
1597,Embarazo
1598,ADN
1599,ADN
1600,Embarazo
1601,Radiologia
1602,Baciloscopia
1603,Biopsia
1604,ElectroCardiograma
1605,ElectroCardiograma
1606,Biopsia
1607,Biopsia
1608,ElectroCardiograma
1609,Sangre
1610,ElectroCardiograma
1611,ADN
1612,Amilasa Serica
1613,Antidoping
1614,Embarazo
1615,Embarazo
1616,Radiologia
1617,Amilasa Serica
1618,Biopsia
1619,Radiologia
1620,Sangre
1621,Antidoping
1622,Radiologia
1623,ADN
1624,Antidoping
1625,ElectroEncefalograma
1626,ElectroCardiograma
1627,Antidoping
1628,Amilasa Serica
1629,Sangre
1630,Biopsia
1631,Amilasa Serica
1632,Baciloscopia
1633,Biopsia
1634,Baciloscopia
1635,Biopsia
1636,Embarazo
1637,ElectroCardiograma
1638,ADN
1639,Sangre
1640,Radiologia
1641,Biopsia
1642,Baciloscopia
1643,Baciloscopia
1644,Radiologia
1645,ElectroCardiograma
1646,Radiologia
1647,ElectroCardiograma
1648,Amilasa Serica
1649,ElectroCardiograma
1650,Radiologia
1651,Biopsia
1652,Sangre
1653,ElectroEncefalograma
1654,ElectroCardiograma
1655,ElectroEncefalograma
1656,ElectroEncefalograma
1657,ElectroEncefalograma
1658,Antidoping
1659,Amilasa Serica
1660,Sangre
1661,Antidoping
1662,Radiologia
1663,Amilasa Serica
1664,Amilasa Serica
1665,Amilasa Serica
1666,Baciloscopia
1667,Antidoping
1668,Biopsia
1669,Embarazo
1670,Amilasa Serica
1671,Antidoping
1672,Radiologia
1673,Radiologia
1674,ElectroEncefalograma
1675,Embarazo
1676,Radiologia
1677,Antidoping
1678,ElectroEncefalograma
1679,Sangre
1680,Amilasa Serica
1681,ElectroEncefalograma
1682,Antidoping
1683,Radiologia
1684,ADN
1685,ElectroEncefalograma
1686,Embarazo
1687,Radiologia
1688,Biopsia
1689,Radiologia
1690,Radiologia
1691,Antidoping
1692,Biopsia
1693,ElectroEncefalograma
1694,ADN
1695,Sangre
1696,Radiologia
1697,Sangre
1698,Radiologia
1699,Biopsia
1700,Sangre
1701,Radiologia
1702,Radiologia
1703,Amilasa Serica
1704,Biopsia
1705,ADN
1706,Sangre
1707,Radiologia
1708,ElectroEncefalograma
1709,Baciloscopia
1710,Sangre
1711,Sangre
1712,Baciloscopia
1713,ElectroEncefalograma
1714,Embarazo
1715,ADN
1716,Embarazo
1717,ElectroCardiograma
1718,Embarazo
1719,Antidoping
1720,Antidoping
1721,Baciloscopia
1722,Embarazo
1723,ADN
1724,Radiologia
1725,Embarazo
1726,Biopsia
1727,Biopsia
1728,ADN
1729,ADN
1730,Antidoping
1731,Antidoping
1732,Embarazo
1733,Antidoping
1734,Embarazo
1735,Radiologia
1736,Antidoping
1737,ADN
1738,Antidoping
1739,Amilasa Serica
1740,Antidoping
1741,ElectroCardiograma
1742,Sangre
1743,ElectroEncefalograma
1744,Biopsia
1745,Biopsia
1746,ElectroCardiograma
1747,ElectroEncefalograma
1748,Amilasa Serica
1749,Antidoping
1750,Radiologia
1751,ElectroCardiograma
1752,ElectroCardiograma
1753,ElectroCardiograma
1754,ElectroEncefalograma
1755,Embarazo
1756,ADN
1757,Radiologia
1758,Antidoping
1759,Sangre
1760,ElectroCardiograma
1761,ElectroCardiograma
1762,ElectroEncefalograma
1763,Biopsia
1764,Amilasa Serica
1765,ElectroCardiograma
1766,Embarazo
1767,Embarazo
1768,Embarazo
1769,Radiologia
1770,Sangre
1771,Embarazo
1772,Sangre
1773,ADN
1774,Embarazo
1775,Antidoping
1776,ADN
1777,Baciloscopia
1778,ADN
1779,Biopsia
1780,Amilasa Serica
1781,Sangre
1782,Radiologia
1783,Amilasa Serica
1784,Embarazo
1785,Amilasa Serica
1786,Baciloscopia
1787,Embarazo
1788,ElectroEncefalograma
1789,Embarazo
1790,Radiologia
1791,ElectroEncefalograma
1792,Sangre
1793,ADN
1794,Embarazo
1795,Biopsia
1796,Sangre
1797,ElectroCardiograma
1798,ADN
1799,Biopsia
1800,ElectroEncefalograma
1801,Sangre
1802,Radiologia
1803,ElectroCardiograma
1804,ADN
1805,Sangre
1806,ADN
1807,ElectroCardiograma
1808,Baciloscopia
1809,Sangre
1810,Baciloscopia
1811,ADN
1812,Amilasa Serica
1813,Biopsia
1814,ADN
1815,ElectroEncefalograma
1816,Baciloscopia
1817,ADN
1818,ElectroCardiograma
1819,ElectroCardiograma
1820,ElectroCardiograma
1821,Biopsia
1822,Radiologia
1823,Biopsia
1824,ElectroCardiograma
1825,Baciloscopia
1826,ElectroCardiograma
1827,Embarazo
1828,Baciloscopia
1829,ElectroEncefalograma
1830,Sangre
1831,ElectroEncefalograma
1832,ElectroEncefalograma
1833,ADN
1834,Radiologia
1835,Antidoping
1836,Antidoping
1837,Baciloscopia
1838,Embarazo
1839,Radiologia
1840,ADN
1841,Biopsia
1842,Amilasa Serica
1843,ADN
1844,Amilasa Serica
1845,ElectroEncefalograma
1846,Baciloscopia
1847,Amilasa Serica
1848,ADN
1849,ElectroEncefalograma
1850,Baciloscopia
1851,ElectroCardiograma
1852,Baciloscopia
1853,Baciloscopia
1854,Antidoping
1855,Biopsia
1856,Baciloscopia
1857,ElectroCardiograma
1858,Sangre
1859,Sangre
1860,Sangre
1861,Antidoping
1862,Antidoping
1863,Amilasa Serica
1864,Baciloscopia
1865,Embarazo
1866,Biopsia
1867,ElectroEncefalograma
1868,ADN
1869,Biopsia
1870,ElectroEncefalograma
1871,Antidoping
1872,ElectroCardiograma
1873,Baciloscopia
1874,ElectroCardiograma
1875,ElectroCardiograma
1876,Biopsia
1877,ADN
1878,Radiologia
1879,Baciloscopia
1880,ElectroCardiograma
1881,Amilasa Serica
1882,Amilasa Serica
1883,Sangre
1884,ElectroCardiograma
1885,ADN
1886,Amilasa Serica
1887,ElectroCardiograma
1888,Sangre
1889,ElectroEncefalograma
1890,ElectroEncefalograma
1891,Embarazo
1892,ElectroCardiograma
1893,Baciloscopia
1894,Antidoping
1895,ADN
1896,Radiologia
1897,Sangre
1898,Amilasa Serica
1899,Sangre
1900,Baciloscopia
1901,Embarazo
1902,ADN
1903,Radiologia
1904,ElectroCardiograma
1905,ADN
1906,Amilasa Serica
1907,ElectroCardiograma
1908,Radiologia
1909,Embarazo
1910,Radiologia
1911,Embarazo
1912,Antidoping
1913,Antidoping
1914,ElectroCardiograma
1915,Embarazo
1916,Biopsia
1917,Biopsia
1918,Embarazo
1919,Embarazo
1920,Baciloscopia
1921,Antidoping
1922,Embarazo
1923,Radiologia
1924,ADN
1925,Biopsia
1926,Radiologia
1927,Radiologia
1928,Radiologia
1929,Sangre
1930,Sangre
1931,Sangre
1932,ADN
1933,Baciloscopia
1934,Biopsia
1935,Biopsia
1936,Baciloscopia
1937,ADN
1938,ElectroEncefalograma
1939,Amilasa Serica
1940,Antidoping
1941,Embarazo
1942,Embarazo
1943,Embarazo
1944,Baciloscopia
1945,Baciloscopia
1946,ADN
1947,Biopsia
1948,Baciloscopia
1949,Antidoping
1950,Amilasa Serica
1951,Baciloscopia
1952,ADN
1953,ElectroCardiograma
1954,ElectroEncefalograma
1955,ADN
1956,ElectroEncefalograma
1957,Radiologia
1958,Sangre
1959,ADN
1960,Embarazo
1961,Embarazo
1962,ElectroEncefalograma
1963,Radiologia
1964,ElectroCardiograma
1965,ElectroCardiograma
1966,Baciloscopia
1967,ElectroEncefalograma
1968,Embarazo
1969,Antidoping
1970,Sangre
1971,Baciloscopia
1972,ADN
1973,ElectroEncefalograma
1974,Radiologia
1975,ADN
1976,Embarazo
1977,Baciloscopia
1978,ElectroEncefalograma
1979,Radiologia
1980,Sangre
1981,Embarazo
1982,ElectroEncefalograma
1983,Embarazo
1984,Radiologia
1985,Baciloscopia
1986,Radiologia
1987,Biopsia
1988,Radiologia
1989,Biopsia
1990,ElectroCardiograma
1991,Embarazo
1992,Sangre
1993,ADN
1994,Biopsia
1995,ElectroEncefalograma
1996,Biopsia
1997,Sangre
1998,ElectroCardiograma
1999,ElectroCardiograma
2000,Sangre
2001,ADN
2002,Baciloscopia
2003,Sangre
2004,Sangre
2005,Radiologia
2006,Antidoping
2007,ADN
2008,Embarazo
2009,Baciloscopia
2010,Antidoping
2011,ADN
2012,Embarazo
2013,ElectroCardiograma
2014,Biopsia
2015,ElectroCardiograma
2016,Baciloscopia
2017,Biopsia
2018,ADN
2019,Radiologia
2020,Baciloscopia
2021,ElectroCardiograma
2022,Embarazo
2023,Sangre
2024,Baciloscopia
2025,Baciloscopia
2026,ElectroCardiograma
2027,Radiologia
2028,Amilasa Serica
2029,ElectroCardiograma
2030,Biopsia
2031,Embarazo
2032,Radiologia
2033,Baciloscopia
2034,Amilasa Serica
2035,ElectroCardiograma
2036,Radiologia
2037,Embarazo
2038,Biopsia
2039,Sangre
2040,ADN
2041,Embarazo
2042,Radiologia
2043,ElectroEncefalograma
2044,ElectroCardiograma
2045,ElectroEncefalograma
2046,Sangre
2047,ElectroEncefalograma
2048,ADN
2049,Radiologia
2050,Antidoping
2051,ElectroCardiograma
2052,Radiologia
2053,ElectroCardiograma
2054,Embarazo
2055,Embarazo
2056,ElectroEncefalograma
2057,Baciloscopia
2058,ADN
2059,ElectroCardiograma
2060,ElectroCardiograma
2061,Amilasa Serica
2062,ElectroEncefalograma
2063,Embarazo
2064,Biopsia
2065,Radiologia
2066,ElectroEncefalograma
2067,Amilasa Serica
2068,Amilasa Serica
2069,Embarazo
2070,Antidoping
2071,Biopsia
2072,ElectroEncefalograma
2073,Antidoping
2074,Amilasa Serica
2075,Biopsia
2076,Baciloscopia
2077,Amilasa Serica
2078,Embarazo
2079,Biopsia
2080,Amilasa Serica
2081,Amilasa Serica
2082,Sangre
2083,Sangre
2084,Embarazo
2085,Amilasa Serica
2086,Radiologia
2087,Embarazo
2088,ADN
2089,Radiologia
2090,Antidoping
2091,Baciloscopia
2092,Biopsia
2093,ADN
2094,Sangre
2095,Biopsia
2096,ADN
2097,ElectroCardiograma
2098,ElectroEncefalograma
2099,Embarazo
2100,Amilasa Serica
2101,Baciloscopia
2102,ElectroCardiograma
2103,Sangre
2104,Sangre
2105,ADN
2106,Embarazo
2107,Sangre
2108,Amilasa Serica
2109,Embarazo
2110,Antidoping
2111,Antidoping
2112,Antidoping
2113,Radiologia
2114,Sangre
2115,Antidoping
2116,ElectroEncefalograma
2117,Biopsia
2118,Radiologia
2119,Amilasa Serica
2120,Amilasa Serica
2121,Antidoping
2122,Radiologia
2123,Biopsia
2124,ElectroEncefalograma
2125,Embarazo
2126,ElectroCardiograma
2127,Embarazo
2128,ADN
2129,Embarazo
2130,ADN
2131,Amilasa Serica
2132,Radiologia
2133,Biopsia
2134,ADN
2135,Radiologia
2136,ElectroCardiograma
2137,ElectroCardiograma
2138,Antidoping
2139,ADN
2140,Biopsia
2141,Radiologia
2142,Biopsia
2143,Embarazo
2144,ADN
2145,Radiologia
2146,Sangre
2147,Sangre
2148,Biopsia
2149,Sangre
2150,ADN
2151,ADN
2152,Antidoping
2153,ElectroEncefalograma
2154,ElectroCardiograma
2155,Radiologia
2156,ElectroCardiograma
2157,ADN
2158,ElectroEncefalograma
2159,Baciloscopia
2160,Biopsia
2161,Sangre
2162,Biopsia
2163,Antidoping
2164,ADN
2165,Antidoping
2166,Antidoping
2167,Biopsia
2168,ElectroEncefalograma
2169,Baciloscopia
2170,ElectroCardiograma
2171,Antidoping
2172,ADN
2173,ADN
2174,Biopsia
2175,Amilasa Serica
2176,Antidoping
2177,ADN
2178,Sangre
2179,Antidoping
2180,Sangre
2181,Radiologia
2182,Baciloscopia
2183,Amilasa Serica
2184,Embarazo
2185,Embarazo
2186,Baciloscopia
2187,Sangre
2188,Sangre
2189,Antidoping
2190,ElectroEncefalograma
2191,Baciloscopia
2192,Antidoping
2193,ElectroCardiograma
2194,Embarazo
2195,ElectroCardiograma
2196,Embarazo
2197,Radiologia
2198,Embarazo
2199,Baciloscopia
2200,ElectroCardiograma
2201,ADN
2202,Biopsia
2203,Biopsia
2204,Antidoping
2205,Baciloscopia
2206,ElectroEncefalograma
2207,ElectroCardiograma
2208,Biopsia
2209,Embarazo
2210,Radiologia
2211,ADN
2212,Antidoping
2213,Biopsia
2214,Amilasa Serica
2215,Antidoping
2216,Sangre
2217,ElectroCardiograma
2218,Radiologia
2219,Baciloscopia
2220,Biopsia
2221,Embarazo
2222,Baciloscopia
2223,ADN
2224,ElectroEncefalograma
2225,ADN
2226,Baciloscopia
2227,Amilasa Serica
2228,Biopsia
2229,Radiologia
2230,Embarazo
2231,Antidoping
2232,Amilasa Serica
2233,ADN
2234,Embarazo
2235,Biopsia
2236,ElectroEncefalograma
2237,Baciloscopia
2238,Amilasa Serica
2239,Baciloscopia
2240,Baciloscopia
2241,Biopsia
2242,Biopsia
2243,Amilasa Serica
2244,Antidoping
2245,Sangre
2246,Embarazo
2247,Biopsia
2248,Antidoping
2249,Embarazo
2250,Antidoping
2251,Biopsia
2252,Baciloscopia
2253,ElectroEncefalograma
2254,Amilasa Serica
2255,ElectroCardiograma
2256,ElectroEncefalograma
2257,Amilasa Serica
2258,Sangre
2259,ElectroCardiograma
2260,Amilasa Serica
2261,Amilasa Serica
2262,ElectroCardiograma
2263,Radiologia
2264,Baciloscopia
2265,Biopsia
2266,Amilasa Serica
2267,ElectroCardiograma
2268,ElectroEncefalograma
2269,Antidoping
2270,Biopsia
2271,Antidoping
2272,Embarazo
2273,ElectroCardiograma
2274,Antidoping
2275,Radiologia
2276,Biopsia
2277,ADN
2278,Radiologia
2279,Biopsia
2280,Radiologia
2281,ElectroCardiograma
2282,Sangre
2283,Embarazo
2284,Radiologia
2285,Baciloscopia
2286,Antidoping
2287,ADN
2288,Biopsia
2289,ElectroCardiograma
2290,Embarazo
2291,Radiologia
2292,Biopsia
2293,ElectroCardiograma
2294,Biopsia
2295,Amilasa Serica
2296,Embarazo
2297,Biopsia
2298,Amilasa Serica
2299,Radiologia
2300,Baciloscopia
2301,Radiologia
2302,Amilasa Serica
2303,Baciloscopia
2304,Radiologia
2305,Amilasa Serica
2306,ElectroEncefalograma
2307,Embarazo
2308,Biopsia
2309,Baciloscopia
2310,Baciloscopia
2311,Radiologia
2312,ElectroCardiograma
2313,ElectroCardiograma
2314,Embarazo
2315,Baciloscopia
2316,Antidoping
2317,Baciloscopia
2318,Antidoping
2319,ElectroCardiograma
2320,Embarazo
2321,Amilasa Serica
2322,Radiologia
2323,Biopsia
2324,ElectroCardiograma
2325,Embarazo
2326,Amilasa Serica
2327,ElectroEncefalograma
2328,ElectroCardiograma
2329,Biopsia
2330,Antidoping
2331,Baciloscopia
2332,ADN
2333,Antidoping
2334,ElectroEncefalograma
2335,ADN
2336,ADN
2337,Biopsia
2338,Baciloscopia
2339,ADN
2340,ADN
2341,Embarazo
2342,Sangre
2343,ElectroEncefalograma
2344,Radiologia
2345,Antidoping
2346,ElectroEncefalograma
2347,ADN
2348,Amilasa Serica
2349,Biopsia
2350,Radiologia
2351,ADN
2352,Antidoping
2353,Baciloscopia
2354,Biopsia
2355,Antidoping
2356,Amilasa Serica
2357,ElectroCardiograma
2358,Radiologia
2359,Radiologia
2360,ElectroCardiograma
2361,Sangre
2362,ADN
2363,Embarazo
2364,Radiologia
2365,Embarazo
2366,ElectroCardiograma
2367,ADN
2368,Biopsia
2369,Sangre
2370,Radiologia
2371,Baciloscopia
2372,Sangre
2373,Sangre
2374,Antidoping
2375,Amilasa Serica
2376,Sangre
2377,Baciloscopia
2378,ElectroCardiograma
2379,Embarazo
2380,ElectroEncefalograma
2381,Sangre
2382,Amilasa Serica
2383,Sangre
2384,Biopsia
2385,ADN
2386,Baciloscopia
2387,Baciloscopia
2388,Antidoping
2389,Antidoping
2390,Baciloscopia
2391,Sangre
2392,Sangre
2393,ADN
2394,Amilasa Serica
2395,ADN
2396,Antidoping
2397,ElectroEncefalograma
2398,Biopsia
2399,Radiologia
2400,ADN
2401,Biopsia
2402,Biopsia
2403,Embarazo
2404,Baciloscopia
2405,Embarazo
2406,Radiologia
2407,Sangre
2408,Baciloscopia
2409,Biopsia
2410,Amilasa Serica
2411,Amilasa Serica
2412,Sangre
2413,Antidoping
2414,ElectroCardiograma
2415,Antidoping
2416,Sangre
2417,ElectroCardiograma
2418,ElectroEncefalograma
2419,ElectroEncefalograma
2420,Antidoping
2421,ADN
2422,Sangre
2423,ElectroEncefalograma
2424,ElectroCardiograma
2425,Baciloscopia
2426,Sangre
2427,Baciloscopia
2428,Baciloscopia
2429,Sangre
2430,Baciloscopia
2431,Baciloscopia
2432,Embarazo
2433,Baciloscopia
2434,Radiologia
2435,ElectroEncefalograma
2436,ElectroEncefalograma
2437,Radiologia
2438,ElectroCardiograma
2439,Antidoping
2440,Sangre
2441,Sangre
2442,ElectroEncefalograma
2443,ADN
2444,Baciloscopia
2445,ADN
2446,Embarazo
2447,Antidoping
2448,Amilasa Serica
2449,ElectroCardiograma
2450,Biopsia
2451,Embarazo
2452,ElectroCardiograma
2453,Sangre
2454,Biopsia
2455,Sangre
2456,Radiologia
2457,ADN
2458,Sangre
2459,Radiologia
2460,Biopsia
2461,Baciloscopia
2462,ElectroCardiograma
2463,Biopsia
2464,ElectroCardiograma
2465,ADN
2466,Amilasa Serica
2467,Embarazo
2468,Sangre
2469,ElectroCardiograma
2470,ElectroCardiograma
2471,Embarazo
2472,Amilasa Serica
2473,ElectroCardiograma
2474,ElectroCardiograma
2475,Sangre
2476,ElectroEncefalograma
2477,ADN
2478,ADN
2479,Biopsia
2480,Sangre
2481,Antidoping
2482,Biopsia
2483,Antidoping
2484,ElectroEncefalograma
2485,Radiologia
2486,Amilasa Serica
2487,Radiologia
2488,Biopsia
2489,Radiologia
2490,ElectroEncefalograma
2491,ADN
2492,Embarazo
2493,Radiologia
2494,ElectroEncefalograma
2495,Radiologia
2496,Amilasa Serica
2497,Baciloscopia
2498,Amilasa Serica
2499,Amilasa Serica
2500,ElectroEncefalograma
2501,Baciloscopia
2502,Biopsia
2503,Amilasa Serica
2504,Sangre
2505,Embarazo
2506,Radiologia
2507,ElectroEncefalograma
2508,ElectroEncefalograma
2509,Baciloscopia
2510,Antidoping
2511,Embarazo
2512,Biopsia
2513,Amilasa Serica
2514,Antidoping
2515,Embarazo
2516,ADN
2517,ElectroCardiograma
2518,Baciloscopia
2519,ElectroEncefalograma
2520,Radiologia
2521,Antidoping
2522,Sangre
2523,Amilasa Serica
2524,Baciloscopia
2525,Biopsia
2526,ElectroCardiograma
2527,Sangre
2528,ElectroCardiograma
2529,ADN
2530,ElectroCardiograma
2531,Radiologia
2532,ADN
2533,Sangre
2534,Sangre
2535,Sangre
2536,ElectroCardiograma
2537,Radiologia
2538,Antidoping
2539,Sangre
2540,ElectroEncefalograma
2541,Radiologia
2542,Biopsia
2543,Sangre
2544,Biopsia
2545,Baciloscopia
2546,ADN
2547,Amilasa Serica
2548,ElectroCardiograma
2549,Sangre
2550,ElectroEncefalograma
2551,Radiologia
2552,Biopsia
2553,ElectroEncefalograma
2554,Sangre
2555,Amilasa Serica
2556,Biopsia
2557,ElectroCardiograma
2558,ElectroCardiograma
2559,Biopsia
2560,Radiologia
2561,ADN
2562,Baciloscopia
2563,Embarazo
2564,ElectroEncefalograma
2565,Radiologia
2566,Embarazo
2567,Embarazo
2568,Antidoping
2569,Radiologia
2570,Biopsia
2571,Sangre
2572,Antidoping
2573,ElectroEncefalograma
2574,Antidoping
2575,ElectroCardiograma
2576,ElectroEncefalograma
2577,Antidoping
2578,ADN
2579,Amilasa Serica
2580,ADN
2581,ElectroCardiograma
2582,Antidoping
2583,Embarazo
2584,ADN
2585,Biopsia
2586,Biopsia
2587,Baciloscopia
2588,Biopsia
2589,Radiologia
2590,ADN
2591,Amilasa Serica
2592,Radiologia
2593,ADN
2594,ElectroCardiograma
2595,Sangre
2596,Amilasa Serica
2597,Amilasa Serica
2598,ADN
2599,ElectroCardiograma
2600,Radiologia
2601,Embarazo
2602,ElectroCardiograma
2603,Antidoping
2604,Baciloscopia
2605,Embarazo
2606,ADN
2607,Sangre
2608,Amilasa Serica
2609,Radiologia
2610,Amilasa Serica
2611,Sangre
2612,ElectroEncefalograma
2613,Embarazo
2614,Amilasa Serica
2615,Radiologia
2616,Antidoping
2617,Radiologia
2618,ElectroCardiograma
2619,ElectroEncefalograma
2620,ElectroEncefalograma
2621,Baciloscopia
2622,Baciloscopia
2623,Biopsia
2624,Sangre
2625,Embarazo
2626,Sangre
2627,Sangre
2628,Embarazo
2629,Amilasa Serica
2630,Embarazo
2631,Embarazo
2632,ADN
2633,Sangre
2634,Biopsia
2635,Biopsia
2636,ADN
2637,Sangre
2638,Baciloscopia
2639,Baciloscopia
2640,ElectroCardiograma
2641,ADN
2642,Antidoping
2643,Biopsia
2644,ADN
2645,Radiologia
2646,ElectroCardiograma
2647,Sangre
2648,Radiologia
2649,Embarazo
2650,ElectroCardiograma
2651,Embarazo
2652,Baciloscopia
2653,ElectroEncefalograma
2654,Embarazo
2655,Radiologia
2656,ElectroCardiograma
2657,ElectroEncefalograma
2658,Sangre
2659,Embarazo
2660,Biopsia
2661,ElectroEncefalograma
2662,Radiologia
2663,ElectroCardiograma
2664,ADN
2665,Embarazo
2666,ElectroCardiograma
2667,Antidoping
2668,Baciloscopia
2669,Antidoping
2670,Embarazo
2671,Biopsia
2672,Embarazo
2673,Embarazo
2674,Embarazo
2675,Sangre
2676,ElectroCardiograma
2677,Baciloscopia
2678,Radiologia
2679,ElectroCardiograma
2680,ElectroEncefalograma
2681,ElectroCardiograma
2682,ElectroCardiograma
2683,Antidoping
2684,ADN
2685,Amilasa Serica
2686,ElectroEncefalograma
2687,Biopsia
2688,Radiologia
2689,Embarazo
2690,Sangre
2691,Embarazo
2692,Radiologia
2693,ElectroCardiograma
2694,Embarazo
2695,ADN
2696,Sangre
2697,Baciloscopia
2698,Amilasa Serica
2699,Embarazo
2700,ElectroCardiograma
2701,ElectroCardiograma
2702,Baciloscopia
2703,Antidoping
2704,Embarazo
2705,ADN
2706,ElectroEncefalograma
2707,Biopsia
2708,ElectroCardiograma
2709,Radiologia
2710,ElectroCardiograma
2711,Sangre
2712,ADN
2713,Amilasa Serica
2714,ADN
2715,Baciloscopia
2716,Radiologia
2717,Baciloscopia
2718,Biopsia
2719,Amilasa Serica
2720,Biopsia
2721,ElectroCardiograma
2722,Antidoping
2723,Antidoping
2724,ElectroCardiograma
2725,ElectroEncefalograma
2726,Sangre
2727,ADN
2728,ElectroCardiograma
2729,Embarazo
2730,ADN
2731,Radiologia
2732,ElectroCardiograma
2733,Sangre
2734,Antidoping
2735,Embarazo
2736,ElectroEncefalograma
2737,Amilasa Serica
2738,Baciloscopia
2739,Baciloscopia
2740,Antidoping
2741,ADN
2742,Sangre
2743,ADN
2744,ElectroCardiograma
2745,Embarazo
2746,Sangre
2747,ElectroEncefalograma
2748,Baciloscopia
2749,ADN
2750,Embarazo
2751,Amilasa Serica
2752,Sangre
2753,Radiologia
2754,ADN
2755,Embarazo
2756,Antidoping
2757,Radiologia
2758,ElectroEncefalograma
2759,ElectroCardiograma
2760,Embarazo
2761,Biopsia
2762,Antidoping
2763,Baciloscopia
2764,Embarazo
2765,Sangre
2766,Antidoping
2767,Antidoping
2768,Sangre
2769,ADN
2770,Amilasa Serica
2771,Antidoping
2772,Baciloscopia
2773,Sangre
2774,ADN
2775,ElectroEncefalograma
2776,Amilasa Serica
2777,ADN
2778,Amilasa Serica
2779,ElectroCardiograma
2780,ElectroEncefalograma
2781,ElectroEncefalograma
2782,ElectroEncefalograma
2783,ADN
2784,Sangre
2785,Antidoping
2786,ElectroCardiograma
2787,Radiologia
2788,Antidoping
2789,Embarazo
2790,ElectroCardiograma
2791,Biopsia
2792,ElectroEncefalograma
2793,ADN
2794,Antidoping
2795,ElectroCardiograma
2796,Amilasa Serica
2797,Radiologia
2798,Sangre
2799,Sangre
2800,Amilasa Serica
2801,Amilasa Serica
2802,Embarazo
2803,Radiologia
2804,Radiologia
2805,Biopsia
2806,Embarazo
2807,Amilasa Serica
2808,Sangre
2809,Antidoping
2810,Biopsia
2811,ElectroEncefalograma
2812,Amilasa Serica
2813,ElectroCardiograma
2814,Antidoping
2815,ADN
2816,Embarazo
2817,ElectroCardiograma
2818,Baciloscopia
2819,ElectroEncefalograma
2820,ADN
2821,Amilasa Serica
2822,Antidoping
2823,Embarazo
2824,Biopsia
2825,ADN
2826,ElectroCardiograma
2827,Baciloscopia
2828,ElectroCardiograma
2829,ADN
2830,Antidoping
2831,Radiologia
2832,ElectroCardiograma
2833,Sangre
2834,Biopsia
2835,ElectroEncefalograma
2836,ElectroEncefalograma
2837,Amilasa Serica
2838,Biopsia
2839,Sangre
2840,Sangre
2841,Biopsia
2842,Antidoping
2843,Biopsia
2844,Sangre
2845,ElectroEncefalograma
2846,Antidoping
2847,Embarazo
2848,ElectroCardiograma
2849,Radiologia
2850,Radiologia
2851,ElectroCardiograma
2852,Embarazo
2853,Baciloscopia
2854,ADN
2855,Sangre
2856,ElectroCardiograma
2857,Amilasa Serica
2858,ElectroEncefalograma
2859,Sangre
2860,Embarazo
2861,Radiologia
2862,ElectroEncefalograma
2863,Biopsia
2864,ElectroCardiograma
2865,Embarazo
2866,Amilasa Serica
2867,Radiologia
2868,Radiologia
2869,Biopsia
2870,Baciloscopia
2871,ElectroEncefalograma
2872,ElectroEncefalograma
2873,Radiologia
2874,Biopsia
2875,ADN
2876,Antidoping
2877,Baciloscopia
2878,Antidoping
2879,ElectroCardiograma
2880,Radiologia
2881,Sangre
2882,ADN
2883,Amilasa Serica
2884,ElectroEncefalograma
2885,Embarazo
2886,Baciloscopia
2887,Radiologia
2888,Baciloscopia
2889,Sangre
2890,Embarazo
2891,Radiologia
2892,Biopsia
2893,Biopsia
2894,Embarazo
2895,Amilasa Serica
2896,ElectroCardiograma
2897,Biopsia
2898,ElectroCardiograma
2899,Biopsia
2900,Radiologia
2901,ADN
2902,ElectroEncefalograma
2903,Amilasa Serica
2904,Radiologia
2905,Sangre
2906,ElectroEncefalograma
2907,Sangre
2908,ElectroEncefalograma
2909,Antidoping
2910,ElectroEncefalograma
2911,Biopsia
2912,Antidoping
2913,Baciloscopia
2914,Antidoping
2915,Amilasa Serica
2916,ADN
2917,Biopsia
2918,Sangre
2919,Amilasa Serica
2920,Sangre
2921,ADN
2922,Amilasa Serica
2923,ADN
2924,ElectroCardiograma
2925,ElectroEncefalograma
2926,Amilasa Serica
2927,ElectroEncefalograma
2928,Embarazo
2929,ElectroCardiograma
2930,Baciloscopia
2931,ElectroEncefalograma
2932,Amilasa Serica
2933,Baciloscopia
2934,Biopsia
2935,Sangre
2936,Sangre
2937,Embarazo
2938,ElectroEncefalograma
2939,Baciloscopia
2940,ADN
2941,Amilasa Serica
2942,ElectroEncefalograma
2943,Amilasa Serica
2944,Sangre
2945,Sangre
2946,Radiologia
2947,Radiologia
2948,Amilasa Serica
2949,Biopsia
2950,Embarazo
2951,ElectroCardiograma
2952,Embarazo
2953,Amilasa Serica
2954,Radiologia
2955,Antidoping
2956,Amilasa Serica
2957,Baciloscopia
2958,ElectroCardiograma
2959,ElectroCardiograma
2960,Sangre
2961,ElectroEncefalograma
2962,Sangre
2963,Sangre
2964,Radiologia
2965,Sangre
2966,Radiologia
2967,Radiologia
2968,Antidoping
2969,Radiologia
2970,Sangre
2971,Biopsia
2972,Amilasa Serica
2973,ElectroEncefalograma
2974,Antidoping
2975,ElectroCardiograma
2976,ElectroEncefalograma
2977,Embarazo
2978,Biopsia
2979,Sangre
2980,ADN
2981,Baciloscopia
2982,Radiologia
2983,ADN
2984,ElectroCardiograma
2985,Radiologia
2986,ElectroEncefalograma
2987,ADN
2988,Sangre
2989,ElectroCardiograma
2990,ADN
2991,Baciloscopia
2992,Radiologia
2993,Biopsia
2994,ADN
2995,Embarazo
2996,Radiologia
2997,Embarazo
2998,Amilasa Serica
2999,Sangre
3000,ElectroEncefalograma
3001,Sangre
3002,Biopsia
3003,Embarazo
3004,Sangre
3005,Baciloscopia
3006,ElectroEncefalograma
3007,Antidoping
3008,ADN
3009,ElectroCardiograma
3010,ADN
3011,Biopsia
3012,Antidoping
3013,ADN
3014,Embarazo
3015,Biopsia
3016,Embarazo
3017,Amilasa Serica
3018,ElectroEncefalograma
3019,Amilasa Serica
3020,Radiologia
3021,Embarazo
3022,Antidoping
3023,Antidoping
3024,ADN
3025,Baciloscopia
3026,Biopsia
3027,ElectroEncefalograma
3028,Biopsia
3029,Radiologia
3030,Radiologia
3031,Biopsia
3032,Antidoping
3033,Biopsia
3034,ElectroEncefalograma
3035,Radiologia
3036,ElectroCardiograma
3037,Biopsia
3038,ADN
3039,Biopsia
3040,ADN
3041,Baciloscopia
3042,Sangre
3043,Amilasa Serica
3044,Antidoping
3045,Amilasa Serica
3046,ADN
3047,ADN
3048,ADN
3049,ElectroEncefalograma
3050,Radiologia
3051,Sangre
3052,ADN
3053,Sangre
3054,ElectroCardiograma
3055,ADN
3056,Sangre
3057,Amilasa Serica
3058,Antidoping
3059,Embarazo
3060,Radiologia
3061,Radiologia
3062,ADN
3063,Embarazo
3064,Amilasa Serica
3065,Sangre
3066,Biopsia
3067,Biopsia
3068,Sangre
3069,ElectroCardiograma
3070,ElectroCardiograma
3071,Biopsia
3072,Baciloscopia
3073,ADN
3074,Radiologia
3075,Amilasa Serica
3076,ElectroCardiograma
3077,Embarazo
3078,Sangre
3079,Radiologia
3080,ADN
3081,Sangre
3082,Antidoping
3083,ADN
3084,Biopsia
3085,Biopsia
3086,ElectroEncefalograma
3087,Baciloscopia
3088,Sangre
3089,Antidoping
3090,Sangre
3091,ElectroCardiograma
3092,Sangre
3093,Antidoping
3094,ElectroEncefalograma
3095,Sangre
3096,Baciloscopia
3097,Radiologia
3098,Amilasa Serica
3099,Embarazo
3100,Embarazo
3101,ElectroEncefalograma
3102,Embarazo
3103,Biopsia
3104,Antidoping
3105,Biopsia
3106,Antidoping
3107,Sangre
3108,Embarazo
3109,ADN
3110,Antidoping
3111,ElectroCardiograma
3112,Embarazo
3113,ElectroCardiograma
3114,Antidoping
3115,Amilasa Serica
3116,ADN
3117,Radiologia
3118,Biopsia
3119,Biopsia
3120,Sangre
3121,Sangre
3122,Biopsia
3123,Antidoping
3124,Biopsia
3125,Radiologia
3126,Baciloscopia
3127,Antidoping
3128,Embarazo
3129,Embarazo
3130,Amilasa Serica
3131,Antidoping
3132,ElectroCardiograma
3133,ElectroCardiograma
3134,Biopsia
3135,Antidoping
3136,Amilasa Serica
3137,Amilasa Serica
3138,Amilasa Serica
3139,ElectroCardiograma
3140,ADN
3141,ADN
3142,Baciloscopia
3143,Baciloscopia
3144,Amilasa Serica
3145,Amilasa Serica
3146,ElectroEncefalograma
3147,Embarazo
3148,Biopsia
3149,ElectroCardiograma
3150,Embarazo
3151,Radiologia
3152,Radiologia
3153,Biopsia
3154,ElectroCardiograma
3155,Amilasa Serica
3156,Antidoping
3157,Biopsia
3158,Biopsia
3159,Antidoping
3160,Antidoping
3161,Sangre
3162,Biopsia
3163,ElectroCardiograma
3164,Embarazo
3165,Embarazo
3166,Baciloscopia
3167,ElectroCardiograma
3168,Radiologia
3169,ADN
3170,Radiologia
3171,Baciloscopia
3172,Radiologia
3173,Embarazo
3174,Biopsia
3175,Antidoping
3176,Sangre
3177,ADN
3178,Antidoping
3179,ElectroCardiograma
3180,ElectroCardiograma
3181,Biopsia
3182,Radiologia
3183,Biopsia
3184,Antidoping
3185,ElectroCardiograma
3186,ADN
3187,Biopsia
3188,Amilasa Serica
3189,ElectroEncefalograma
3190,Embarazo
3191,Radiologia
3192,Sangre
3193,Sangre
3194,ElectroCardiograma
3195,Baciloscopia
3196,ElectroEncefalograma
3197,Radiologia
3198,Antidoping
3199,ElectroEncefalograma
3200,ADN
3201,Amilasa Serica
3202,Embarazo
3203,Sangre
3204,Amilasa Serica
3205,Baciloscopia
3206,Amilasa Serica
3207,Amilasa Serica
3208,Embarazo
3209,ADN
3210,ElectroCardiograma
3211,Radiologia
3212,Biopsia
3213,Baciloscopia
3214,Radiologia
3215,Antidoping
3216,ElectroCardiograma
3217,ElectroEncefalograma
3218,Baciloscopia
3219,Baciloscopia
3220,ElectroEncefalograma
3221,Amilasa Serica
3222,Antidoping
3223,Amilasa Serica
3224,Antidoping
3225,Radiologia
3226,Radiologia
3227,ADN
3228,ElectroCardiograma
3229,Embarazo
3230,ElectroEncefalograma
3231,Biopsia
3232,Embarazo
3233,Baciloscopia
3234,ADN
3235,Biopsia
3236,Embarazo
3237,Sangre
3238,Antidoping
3239,ElectroEncefalograma
3240,Biopsia
3241,Radiologia
3242,Amilasa Serica
3243,Baciloscopia
3244,Embarazo
3245,Sangre
3246,Baciloscopia
3247,Baciloscopia
3248,Amilasa Serica
3249,ElectroCardiograma
3250,Amilasa Serica
3251,Radiologia
3252,Baciloscopia
3253,Amilasa Serica
3254,Radiologia
3255,ElectroCardiograma
3256,Amilasa Serica
3257,ADN
3258,Radiologia
3259,Sangre
3260,ElectroCardiograma
3261,ADN
3262,Sangre
3263,Biopsia
3264,Embarazo
3265,Sangre
3266,Sangre
3267,ADN
3268,ElectroEncefalograma
3269,Amilasa Serica
3270,ADN
3271,Baciloscopia
3272,ElectroCardiograma
3273,Biopsia
3274,ADN
3275,ADN
3276,Radiologia
3277,Antidoping
3278,ADN
3279,ADN
3280,Embarazo
3281,Baciloscopia
3282,ElectroEncefalograma
3283,Sangre
3284,ADN
3285,ElectroEncefalograma
3286,Biopsia
3287,ElectroEncefalograma
3288,Biopsia
3289,Baciloscopia
3290,Baciloscopia
3291,Biopsia
3292,ADN
3293,ElectroEncefalograma
3294,ElectroEncefalograma
3295,ElectroCardiograma
3296,Antidoping
3297,ADN
3298,ElectroCardiograma
3299,ElectroCardiograma
3300,Baciloscopia
3301,ElectroEncefalograma
3302,Amilasa Serica
3303,ADN
3304,Radiologia
3305,Amilasa Serica
3306,ElectroCardiograma
3307,ElectroCardiograma
3308,Amilasa Serica
3309,Antidoping
3310,Sangre
3311,Sangre
3312,Radiologia
3313,Radiologia
3314,Radiologia
3315,ADN
3316,Radiologia
3317,Embarazo
3318,ElectroEncefalograma
3319,Amilasa Serica
3320,Radiologia
3321,Baciloscopia
3322,Antidoping
3323,Sangre
3324,Amilasa Serica
3325,Baciloscopia
3326,Embarazo
3327,Baciloscopia
3328,Amilasa Serica
3329,Antidoping
3330,Radiologia
3331,Amilasa Serica
3332,Radiologia
3333,Embarazo
3334,ElectroCardiograma
3335,Antidoping
3336,Amilasa Serica
3337,Baciloscopia
3338,ElectroCardiograma
3339,Amilasa Serica
3340,ElectroCardiograma
3341,Sangre
3342,Biopsia
3343,Embarazo
3344,Amilasa Serica
3345,Embarazo
3346,Baciloscopia
3347,Baciloscopia
3348,ElectroCardiograma
3349,Amilasa Serica
3350,Radiologia
3351,ADN
3352,Sangre
3353,Sangre
3354,Biopsia
3355,ElectroCardiograma
3356,Radiologia
3357,Biopsia
3358,Sangre
3359,ElectroEncefalograma
3360,Biopsia
3361,ElectroEncefalograma
3362,ADN
3363,Antidoping
3364,Sangre
3365,ADN
3366,Biopsia
3367,Radiologia
3368,Baciloscopia
3369,Radiologia
3370,Baciloscopia
3371,Radiologia
3372,Sangre
3373,Embarazo
3374,Sangre
3375,Baciloscopia
3376,Embarazo
3377,Sangre
3378,ElectroCardiograma
3379,ElectroEncefalograma
3380,Biopsia
3381,ADN
3382,Amilasa Serica
3383,ElectroCardiograma
3384,ElectroEncefalograma
3385,Radiologia
3386,Biopsia
3387,Baciloscopia
3388,Antidoping
3389,Biopsia
3390,Amilasa Serica
3391,Sangre
3392,Sangre
3393,Baciloscopia
3394,Embarazo
3395,Amilasa Serica
3396,Antidoping
3397,Sangre
3398,Radiologia
3399,Embarazo
3400,Baciloscopia
3401,Radiologia
3402,Radiologia
3403,Radiologia
3404,Baciloscopia
3405,Baciloscopia
3406,Baciloscopia
3407,Radiologia
3408,Amilasa Serica
3409,ElectroEncefalograma
3410,Sangre
3411,ElectroEncefalograma
3412,Biopsia
3413,Baciloscopia
3414,Amilasa Serica
3415,ADN
3416,Sangre
3417,ADN
3418,Antidoping
3419,Antidoping
3420,Sangre
3421,ADN
3422,ADN
3423,Antidoping
3424,ElectroCardiograma
3425,Embarazo
3426,ElectroEncefalograma
3427,Amilasa Serica
3428,Sangre
3429,Sangre
3430,Radiologia
3431,Amilasa Serica
3432,Radiologia
3433,Biopsia
3434,Sangre
3435,ElectroCardiograma
3436,Antidoping
3437,Sangre
3438,Biopsia
3439,Biopsia
3440,Antidoping
3441,Amilasa Serica
3442,Radiologia
3443,ElectroCardiograma
3444,ElectroCardiograma
3445,Baciloscopia
3446,Biopsia
3447,Sangre
3448,Embarazo
3449,Biopsia
3450,Radiologia
3451,Sangre
3452,ElectroEncefalograma
3453,Antidoping
3454,Radiologia
3455,Biopsia
3456,Radiologia
3457,Baciloscopia
3458,ElectroEncefalograma
3459,Antidoping
3460,Amilasa Serica
3461,Sangre
3462,ADN
3463,ElectroCardiograma
3464,ElectroCardiograma
3465,Embarazo
3466,Sangre
3467,Baciloscopia
3468,Amilasa Serica
3469,ADN
3470,Antidoping
3471,Embarazo
3472,ADN
3473,Biopsia
3474,Embarazo
3475,Antidoping
3476,Biopsia
3477,Amilasa Serica
3478,ElectroEncefalograma
3479,ElectroCardiograma
3480,Amilasa Serica
3481,ElectroEncefalograma
3482,ElectroCardiograma
3483,Embarazo
3484,Embarazo
3485,Radiologia
3486,Biopsia
3487,Embarazo
3488,Antidoping
3489,Amilasa Serica
3490,Sangre
3491,Embarazo
3492,ADN
3493,Baciloscopia
3494,Antidoping
3495,Baciloscopia
3496,Embarazo
3497,Biopsia
3498,ElectroEncefalograma
3499,ADN
3500,Baciloscopia
3501,Biopsia
3502,Biopsia
3503,Baciloscopia
3504,Radiologia
3505,Sangre
3506,Embarazo
3507,ADN
3508,ElectroCardiograma
3509,Radiologia
3510,Baciloscopia
3511,Biopsia
3512,Amilasa Serica
3513,Radiologia
3514,Embarazo
3515,Radiologia
3516,Biopsia
3517,Radiologia
3518,ElectroCardiograma
3519,Amilasa Serica
3520,Antidoping
3521,Sangre
3522,Embarazo
3523,ElectroEncefalograma
3524,Radiologia
3525,ElectroEncefalograma
3526,ElectroCardiograma
3527,Biopsia
3528,Amilasa Serica
3529,ElectroEncefalograma
3530,Amilasa Serica
3531,Radiologia
3532,ElectroCardiograma
3533,ADN
3534,ElectroCardiograma
3535,Radiologia
3536,Baciloscopia
3537,ADN
3538,ElectroEncefalograma
3539,Biopsia
3540,Antidoping
3541,Antidoping
3542,ElectroCardiograma
3543,Sangre
3544,Sangre
3545,ADN
3546,Biopsia
3547,Biopsia
3548,Baciloscopia
3549,Baciloscopia
3550,Radiologia
3551,ElectroCardiograma
3552,Radiologia
3553,Amilasa Serica
3554,Amilasa Serica
3555,Radiologia
3556,ElectroCardiograma
3557,Biopsia
3558,Sangre
3559,Baciloscopia
3560,ElectroCardiograma
3561,Amilasa Serica
3562,Baciloscopia
3563,ElectroCardiograma
3564,Amilasa Serica
3565,Biopsia
3566,ElectroCardiograma
3567,Amilasa Serica
3568,Biopsia
3569,Embarazo
3570,Radiologia
3571,Radiologia
3572,ElectroEncefalograma
3573,Sangre
3574,Antidoping
3575,Embarazo
3576,Baciloscopia
3577,Biopsia
3578,Radiologia
3579,Radiologia
3580,Embarazo
3581,Antidoping
3582,Amilasa Serica
3583,ADN
3584,Antidoping
3585,ElectroCardiograma
3586,Amilasa Serica
3587,Biopsia
3588,Sangre
3589,Baciloscopia
3590,ElectroCardiograma
3591,Antidoping
3592,Amilasa Serica
3593,ElectroEncefalograma
3594,ElectroEncefalograma
3595,Embarazo
3596,ElectroEncefalograma
3597,Biopsia
3598,Embarazo
3599,ADN
3600,Radiologia
