id,nombre,localizacion
1,Woods,91892 East Norwalk Way
2,English,7259 North Greensboro Blvd.
3,Hopper,54676 East Ethiopia Ln.
4,Ramos,42620 East Frisco Ct.
5,Sweeney,69950  New Kensington Ave.
6,Dennis,82957 South Cyprus Ave.
7,Erickson,55535 West Brea Way
8,Scott,98764 South New Albany St.
9,Knowles,15864 West American Samoa St.
10,Patterson,13012 South Indonesia St.
11,Bauer,22765 South Algeria Ln.
12,Dillon,73860 West Turks and Caicos Islands St.
13,Gilliam,87918 West Libyan Arab Jamahiriya St.
14,Guerra,61484 South Moldova St.
15,Erickson,51190 East Korea Ct.
16,Benson,66604 West Zimbabwe St.
17,Oconnor,48616  Barbados Ave.
18,Cotton,19683 East Croatia Ave.
19,Green,55577 West Israel Ln.
20,Morse,38799 West Sudan Ct.
21,Garner,86744 North Kiribati Blvd.
22,Levy,22470 South Belgium Ln.
23,Hanson,61300 North Buena Park Ave.
24,Hampton,37821 East Belgium Ln.
25,Melendez,5301  Kyrgyzstan Ct.
26,Warner,33227  Hong Kong Ct.
27,Talley,6560 North Chico Way
28,Mcgee,63576 East Glendora Ct.
29,Valencia,31591 North Antarctica St.
30,Jensen,4887 East Zimbabwe Blvd.
31,Day,38994 South Georgia Blvd.
32,Mcclure,95612 West Bossier City Ct.
33,Tillman,83003  Antigua and Barbuda St.
34,Barker,12391 South Fargo Ct.
35,Brennan,10608 West Costa Rica Ct.
36,Tucker,2621 West Attleboro Ln.
37,Valencia,89977  Northern Mariana Islands St.
38,Klein,7930 East Heard Island and Mcdonald Islands Ave.
39,Wood,83435 West Aurora Blvd.
40,Alvarez,68068 East Commerce Ct.
41,Hooper,93383 East Cuba Blvd.
42,Sherman,94933 West Bermuda Ln.
43,Mathews,10260 North Cedar Falls Ave.
44,Harrington,9145 North Hanahan Blvd.
45,Black,29915 West Altoona St.
46,Webb,44053 South Tajikistan Ave.
47,Summers,46441 West Djibouti Way
48,Head,81267 North Russian Federation Ave.
49,Parrish,62191 South Memphis St.
50,Rivera,4505 South Belize St.
51,Lloyd,67282  Central African Republic Ct.
52,Walsh,23167 South New Zealand Ct.
53,Joseph,7797 South Tunisia Ave.
54,Sweet,25888 East Bahrain St.
55,Rose,63719  Greece Ave.
56,Andrews,54645 East Turkmenistan Ct.
57,Buckner,9327 East Gambia Ln.
58,Mckinney,37808  Hungary Ave.
59,Rhodes,56443 West Palau Ave.
60,Woodward,21284 West Tanzania, United Republic of Blvd.
61,Parsons,32944 West Netherlands Blvd.
62,Sullivan,89149 North Sweden St.
63,Campos,33162 West Atlanta St.
64,Gardner,26152 West Comoros Way
65,Hines,21224 West Kuwait Ln.
66,Martinez,74874 West Easton St.
67,Wyatt,79815 West Clovis St.
68,Rodriquez,6888 East Burkina Faso St.
69,Wilkins,13870 East Azerbaijan Way
70,Johns,8514 North Uganda St.
71,Snyder,24799  Carson Way
72,Juarez,69130 West Paraguay Ln.
73,Knight,94726 West Latvia Ave.
74,Knox,50829 North Comoros Ct.
75,Cross,306 East Armenia Blvd.
76,Harmon,76303 West Belgium Ct.
77,Petty,2969  Northern Mariana Islands Ln.
78,Hensley,7186  Algeria Ave.
79,Cohen,42742 West Cape Coral Blvd.
80,Charles,56917  Martinique Ct.
81,Walton,14038  Connellsville Blvd.
82,Webster,12885 East Connellsville Way
83,Camacho,71711 North Christmas Island Ave.
84,Kline,12981 South Nepal Ct.
85,Wheeler,9338 North Beverly Hills St.
86,Farmer,35138 South Palau Ct.
87,Baker,42093 West Chile Way
88,Fuentes,38691 South Namibia Ct.
89,Best,41917 West Congo Blvd.
90,Fields,59401  Franklin Ct.
91,Odom,96379  American Samoa St.
92,Carpenter,87805 East Covington Ave.
93,Chavez,61697 West Cranston Ct.
94,Hood,13252 West Algeria Blvd.
95,Morin,7034  Central African Republic Blvd.
96,Bird,22735  Brunei Darussalam Ln.
97,Mueller,53976 West Brooklyn Park St.
98,Barry,54994 East Mongolia Ave.
99,Salas,67096 North Egypt Way
100,Zamora,51199 North Hutchinson Ave.
