id,tipo_procedimiento
1,cirugia_ambulatoria
2,dialisis
3,cirugia
4,cirugia
5,cirugia_ambulatoria
6,cirugia
7,dialisis
8,cirugia_ambulatoria
9,cirugia_ambulatoria
10,cirugia_ambulatoria
11,intervenciones
12,cirugia_ambulatoria
13,intervenciones
14,intervenciones
15,dialisis
16,cirugia
17,dialisis
18,intervenciones
19,intervenciones
20,dialisis
21,dialisis
22,cirugia
23,dialisis
24,cirugia
25,intervenciones
26,intervenciones
27,cirugia_ambulatoria
28,dialisis
29,cirugia_ambulatoria
30,cirugia_ambulatoria
31,intervenciones
32,intervenciones
33,dialisis
34,dialisis
35,cirugia
36,intervenciones
37,cirugia
38,cirugia
39,dialisis
40,intervenciones
41,cirugia
42,cirugia
43,cirugia
44,cirugia_ambulatoria
45,cirugia
46,cirugia_ambulatoria
47,cirugia_ambulatoria
48,intervenciones
49,intervenciones
50,intervenciones
51,cirugia
52,cirugia
53,intervenciones
54,cirugia_ambulatoria
55,cirugia_ambulatoria
56,cirugia_ambulatoria
57,intervenciones
58,intervenciones
59,cirugia
60,dialisis
61,cirugia
62,intervenciones
63,cirugia
64,cirugia
65,dialisis
66,cirugia_ambulatoria
67,cirugia_ambulatoria
68,cirugia
69,intervenciones
70,cirugia_ambulatoria
71,cirugia_ambulatoria
72,cirugia
73,cirugia_ambulatoria
74,cirugia
75,cirugia
76,cirugia
77,cirugia_ambulatoria
78,cirugia_ambulatoria
79,cirugia
80,intervenciones
81,cirugia_ambulatoria
82,cirugia
83,cirugia_ambulatoria
84,cirugia_ambulatoria
85,intervenciones
86,intervenciones
87,cirugia
88,cirugia_ambulatoria
89,cirugia
90,cirugia_ambulatoria
91,intervenciones
92,cirugia_ambulatoria
93,cirugia_ambulatoria
94,cirugia_ambulatoria
95,dialisis
96,cirugia
97,intervenciones
98,intervenciones
99,intervenciones
100,dialisis
101,cirugia_ambulatoria
102,intervenciones
103,dialisis
104,dialisis
105,intervenciones
106,cirugia_ambulatoria
107,cirugia
108,dialisis
109,dialisis
110,cirugia_ambulatoria
111,dialisis
112,dialisis
113,cirugia_ambulatoria
114,cirugia
115,cirugia
116,dialisis
117,cirugia
118,cirugia_ambulatoria
119,cirugia
120,cirugia
121,dialisis
122,intervenciones
123,cirugia
124,cirugia
125,cirugia
126,cirugia_ambulatoria
127,cirugia
128,cirugia_ambulatoria
129,intervenciones
130,intervenciones
131,cirugia_ambulatoria
132,cirugia_ambulatoria
133,cirugia
134,dialisis
135,dialisis
136,dialisis
137,cirugia
138,cirugia
139,cirugia
140,dialisis
141,cirugia_ambulatoria
142,cirugia_ambulatoria
143,dialisis
144,cirugia_ambulatoria
145,intervenciones
146,dialisis
147,cirugia
148,dialisis
149,intervenciones
150,dialisis
151,intervenciones
152,cirugia_ambulatoria
153,cirugia
154,intervenciones
155,cirugia_ambulatoria
156,intervenciones
157,cirugia_ambulatoria
158,intervenciones
159,intervenciones
160,dialisis
161,dialisis
162,cirugia
163,cirugia
164,cirugia_ambulatoria
165,cirugia_ambulatoria
166,cirugia
167,cirugia
168,intervenciones
169,dialisis
170,cirugia_ambulatoria
171,cirugia_ambulatoria
172,intervenciones
173,cirugia
174,dialisis
175,cirugia_ambulatoria
176,intervenciones
177,intervenciones
178,intervenciones
179,intervenciones
180,dialisis
181,intervenciones
182,cirugia_ambulatoria
183,cirugia_ambulatoria
184,intervenciones
185,cirugia
186,intervenciones
187,intervenciones
188,cirugia_ambulatoria
189,dialisis
190,intervenciones
191,cirugia
192,intervenciones
193,cirugia_ambulatoria
194,cirugia
195,intervenciones
196,cirugia
197,dialisis
198,intervenciones
199,cirugia
200,intervenciones
201,cirugia
202,cirugia
203,intervenciones
204,dialisis
205,intervenciones
206,cirugia
207,cirugia
208,dialisis
209,cirugia_ambulatoria
210,dialisis
211,cirugia
212,cirugia_ambulatoria
213,cirugia
214,cirugia_ambulatoria
215,dialisis
216,intervenciones
217,cirugia_ambulatoria
218,cirugia_ambulatoria
219,cirugia_ambulatoria
220,intervenciones
221,intervenciones
222,cirugia_ambulatoria
223,cirugia
224,dialisis
225,dialisis
226,cirugia_ambulatoria
227,cirugia_ambulatoria
228,intervenciones
229,cirugia_ambulatoria
230,intervenciones
231,intervenciones
232,intervenciones
233,intervenciones
234,cirugia
235,dialisis
236,dialisis
237,cirugia_ambulatoria
238,dialisis
239,dialisis
240,cirugia_ambulatoria
241,intervenciones
242,cirugia_ambulatoria
243,cirugia_ambulatoria
244,cirugia_ambulatoria
245,cirugia
246,dialisis
247,cirugia_ambulatoria
248,cirugia_ambulatoria
249,cirugia
250,intervenciones
251,intervenciones
252,intervenciones
253,intervenciones
254,intervenciones
255,cirugia
256,cirugia_ambulatoria
257,cirugia
258,intervenciones
259,intervenciones
260,cirugia
261,intervenciones
262,cirugia_ambulatoria
263,cirugia_ambulatoria
264,cirugia_ambulatoria
265,dialisis
266,cirugia
267,dialisis
268,cirugia
269,cirugia
270,intervenciones
271,cirugia
272,cirugia_ambulatoria
273,cirugia
274,intervenciones
275,cirugia_ambulatoria
276,intervenciones
277,cirugia_ambulatoria
278,intervenciones
279,dialisis
280,dialisis
281,dialisis
282,intervenciones
283,intervenciones
284,intervenciones
285,dialisis
286,dialisis
287,cirugia_ambulatoria
288,dialisis
289,dialisis
290,cirugia
291,dialisis
292,cirugia_ambulatoria
293,intervenciones
294,intervenciones
295,intervenciones
296,intervenciones
297,cirugia_ambulatoria
298,dialisis
299,dialisis
300,cirugia
301,cirugia
302,cirugia_ambulatoria
303,intervenciones
304,intervenciones
305,intervenciones
306,dialisis
307,intervenciones
308,intervenciones
309,dialisis
310,cirugia
311,intervenciones
312,cirugia
313,intervenciones
314,intervenciones
315,dialisis
316,intervenciones
317,intervenciones
318,intervenciones
319,dialisis
320,cirugia
321,intervenciones
322,cirugia
323,dialisis
324,cirugia
325,cirugia
326,cirugia
327,cirugia
328,cirugia_ambulatoria
329,intervenciones
330,dialisis
331,dialisis
332,cirugia_ambulatoria
333,intervenciones
334,cirugia
335,cirugia_ambulatoria
336,dialisis
337,intervenciones
338,cirugia_ambulatoria
339,intervenciones
340,dialisis
341,cirugia
342,cirugia
343,cirugia
344,cirugia_ambulatoria
345,intervenciones
346,cirugia_ambulatoria
347,cirugia_ambulatoria
348,cirugia
349,dialisis
350,dialisis
351,dialisis
352,cirugia_ambulatoria
353,dialisis
354,dialisis
355,cirugia_ambulatoria
356,dialisis
357,cirugia
358,dialisis
359,cirugia_ambulatoria
360,dialisis
361,cirugia
362,cirugia_ambulatoria
363,cirugia_ambulatoria
364,cirugia
365,intervenciones
366,dialisis
367,intervenciones
368,cirugia_ambulatoria
369,cirugia
370,cirugia_ambulatoria
371,cirugia
372,cirugia_ambulatoria
373,cirugia_ambulatoria
374,intervenciones
375,cirugia
376,cirugia_ambulatoria
377,cirugia
378,cirugia_ambulatoria
379,dialisis
380,cirugia
381,intervenciones
382,dialisis
383,intervenciones
384,cirugia_ambulatoria
385,dialisis
386,cirugia
387,dialisis
388,dialisis
389,dialisis
390,intervenciones
391,intervenciones
392,intervenciones
393,dialisis
394,dialisis
395,cirugia_ambulatoria
396,cirugia_ambulatoria
397,cirugia
398,intervenciones
399,cirugia
400,dialisis
401,cirugia
402,intervenciones
403,cirugia_ambulatoria
404,intervenciones
405,dialisis
406,cirugia_ambulatoria
407,dialisis
408,cirugia_ambulatoria
409,intervenciones
410,cirugia_ambulatoria
411,intervenciones
412,dialisis
413,intervenciones
414,cirugia
415,cirugia
416,intervenciones
417,intervenciones
418,dialisis
419,dialisis
420,dialisis
421,cirugia_ambulatoria
422,cirugia_ambulatoria
423,intervenciones
424,dialisis
425,intervenciones
426,dialisis
427,intervenciones
428,intervenciones
429,intervenciones
430,intervenciones
431,cirugia_ambulatoria
432,intervenciones
433,dialisis
434,dialisis
435,dialisis
436,cirugia_ambulatoria
437,dialisis
438,cirugia_ambulatoria
439,intervenciones
440,intervenciones
441,cirugia
442,dialisis
443,intervenciones
444,cirugia_ambulatoria
445,dialisis
446,cirugia
447,cirugia
448,intervenciones
449,cirugia
450,dialisis
451,intervenciones
452,dialisis
453,dialisis
454,intervenciones
455,dialisis
456,intervenciones
457,intervenciones
458,cirugia_ambulatoria
459,cirugia_ambulatoria
460,dialisis
461,cirugia
462,cirugia
463,intervenciones
464,cirugia_ambulatoria
465,intervenciones
466,cirugia
467,cirugia
468,dialisis
469,cirugia_ambulatoria
470,cirugia
471,dialisis
472,cirugia_ambulatoria
473,cirugia_ambulatoria
474,cirugia_ambulatoria
475,cirugia
476,cirugia
477,dialisis
478,dialisis
479,cirugia
480,intervenciones
481,cirugia
482,intervenciones
483,cirugia_ambulatoria
484,cirugia_ambulatoria
485,intervenciones
486,intervenciones
487,intervenciones
488,cirugia_ambulatoria
489,dialisis
490,cirugia
491,dialisis
492,dialisis
493,dialisis
494,cirugia
495,intervenciones
496,cirugia_ambulatoria
497,intervenciones
498,cirugia
499,cirugia
500,cirugia_ambulatoria
501,intervenciones
502,cirugia
503,dialisis
504,intervenciones
505,dialisis
506,intervenciones
507,dialisis
508,cirugia
509,cirugia
510,cirugia_ambulatoria
511,dialisis
512,intervenciones
513,intervenciones
514,cirugia_ambulatoria
515,dialisis
516,cirugia_ambulatoria
517,dialisis
518,intervenciones
519,cirugia
520,intervenciones
521,dialisis
522,intervenciones
523,dialisis
524,intervenciones
525,cirugia
526,cirugia_ambulatoria
527,intervenciones
528,cirugia_ambulatoria
529,cirugia
530,cirugia
531,dialisis
532,intervenciones
533,cirugia
534,cirugia_ambulatoria
535,cirugia_ambulatoria
536,dialisis
537,cirugia_ambulatoria
538,cirugia_ambulatoria
539,intervenciones
540,cirugia_ambulatoria
541,dialisis
542,cirugia
543,dialisis
544,dialisis
545,dialisis
546,dialisis
547,intervenciones
548,intervenciones
549,cirugia
550,dialisis
551,intervenciones
552,cirugia
553,dialisis
554,dialisis
555,cirugia_ambulatoria
556,intervenciones
557,cirugia
558,cirugia_ambulatoria
559,cirugia_ambulatoria
560,intervenciones
561,intervenciones
562,cirugia
563,intervenciones
564,cirugia_ambulatoria
565,dialisis
566,intervenciones
567,intervenciones
568,intervenciones
569,cirugia
570,intervenciones
571,cirugia_ambulatoria
572,cirugia
573,cirugia
574,dialisis
575,cirugia_ambulatoria
576,dialisis
577,intervenciones
578,intervenciones
579,cirugia
580,cirugia_ambulatoria
581,cirugia
582,cirugia
583,cirugia_ambulatoria
584,intervenciones
585,cirugia_ambulatoria
586,dialisis
587,cirugia
588,dialisis
589,cirugia
590,cirugia
591,intervenciones
592,cirugia
593,dialisis
594,cirugia
595,cirugia_ambulatoria
596,cirugia_ambulatoria
597,cirugia_ambulatoria
598,intervenciones
599,cirugia
600,cirugia
601,cirugia_ambulatoria
602,intervenciones
603,cirugia
604,cirugia
605,intervenciones
606,cirugia_ambulatoria
607,dialisis
608,cirugia_ambulatoria
609,dialisis
610,cirugia
611,intervenciones
612,intervenciones
613,cirugia
614,dialisis
615,dialisis
616,dialisis
617,dialisis
618,intervenciones
619,cirugia
620,intervenciones
621,intervenciones
622,dialisis
623,intervenciones
624,dialisis
625,dialisis
626,intervenciones
627,intervenciones
628,dialisis
629,cirugia_ambulatoria
630,dialisis
631,intervenciones
632,cirugia
633,cirugia
634,intervenciones
635,dialisis
636,dialisis
637,dialisis
638,cirugia_ambulatoria
639,intervenciones
640,cirugia_ambulatoria
641,dialisis
642,intervenciones
643,intervenciones
644,dialisis
645,cirugia
646,cirugia_ambulatoria
647,cirugia
648,cirugia_ambulatoria
649,cirugia
650,intervenciones
651,cirugia
652,dialisis
653,cirugia_ambulatoria
654,cirugia
655,cirugia_ambulatoria
656,cirugia
657,cirugia
658,dialisis
659,intervenciones
660,cirugia
661,dialisis
662,dialisis
663,cirugia
664,cirugia
665,cirugia_ambulatoria
666,dialisis
667,cirugia_ambulatoria
668,intervenciones
669,cirugia_ambulatoria
670,dialisis
671,dialisis
672,cirugia_ambulatoria
673,dialisis
674,cirugia_ambulatoria
675,intervenciones
676,intervenciones
677,intervenciones
678,cirugia
679,dialisis
680,cirugia_ambulatoria
681,intervenciones
682,cirugia
683,cirugia_ambulatoria
684,intervenciones
685,cirugia
686,intervenciones
687,cirugia
688,cirugia_ambulatoria
689,cirugia_ambulatoria
690,intervenciones
691,intervenciones
692,dialisis
693,cirugia_ambulatoria
694,intervenciones
695,cirugia
696,cirugia_ambulatoria
697,intervenciones
698,intervenciones
699,cirugia_ambulatoria
700,cirugia_ambulatoria
701,cirugia
702,dialisis
703,dialisis
704,dialisis
705,intervenciones
706,cirugia_ambulatoria
707,intervenciones
708,intervenciones
709,dialisis
710,dialisis
711,dialisis
712,intervenciones
713,cirugia
714,cirugia
715,cirugia_ambulatoria
716,cirugia_ambulatoria
717,intervenciones
718,dialisis
719,intervenciones
720,cirugia_ambulatoria
721,intervenciones
722,dialisis
723,intervenciones
724,cirugia_ambulatoria
725,intervenciones
726,cirugia_ambulatoria
727,dialisis
728,cirugia_ambulatoria
729,cirugia
730,cirugia_ambulatoria
731,cirugia_ambulatoria
732,cirugia_ambulatoria
733,dialisis
734,dialisis
735,cirugia
736,dialisis
737,intervenciones
738,cirugia
739,cirugia_ambulatoria
740,cirugia
741,intervenciones
742,dialisis
743,cirugia_ambulatoria
744,cirugia_ambulatoria
745,cirugia
746,dialisis
747,intervenciones
748,cirugia
749,cirugia_ambulatoria
750,dialisis
751,intervenciones
752,cirugia
753,cirugia
754,dialisis
755,cirugia_ambulatoria
756,cirugia
757,intervenciones
758,cirugia
759,dialisis
760,dialisis
761,dialisis
762,intervenciones
763,cirugia_ambulatoria
764,intervenciones
765,cirugia_ambulatoria
766,cirugia_ambulatoria
767,cirugia
768,cirugia_ambulatoria
769,cirugia_ambulatoria
770,intervenciones
771,cirugia
772,cirugia
773,intervenciones
774,cirugia
775,cirugia_ambulatoria
776,cirugia
777,dialisis
778,dialisis
779,cirugia
780,dialisis
781,cirugia
782,cirugia
783,intervenciones
784,cirugia
785,dialisis
786,cirugia_ambulatoria
787,cirugia
788,dialisis
789,cirugia_ambulatoria
790,intervenciones
791,intervenciones
792,intervenciones
793,cirugia_ambulatoria
794,dialisis
795,intervenciones
796,intervenciones
797,cirugia_ambulatoria
798,cirugia
799,intervenciones
800,intervenciones
801,dialisis
802,dialisis
803,intervenciones
804,cirugia
805,dialisis
806,cirugia_ambulatoria
807,dialisis
808,cirugia
809,dialisis
810,cirugia
811,dialisis
812,dialisis
813,intervenciones
814,intervenciones
815,dialisis
816,cirugia
817,dialisis
818,dialisis
819,cirugia
820,cirugia
821,cirugia
822,cirugia_ambulatoria
823,cirugia_ambulatoria
824,dialisis
825,cirugia_ambulatoria
826,dialisis
827,cirugia
828,cirugia
829,dialisis
830,cirugia_ambulatoria
831,cirugia_ambulatoria
832,intervenciones
833,dialisis
834,cirugia
835,intervenciones
836,intervenciones
837,intervenciones
838,intervenciones
839,cirugia
840,cirugia
841,cirugia
842,cirugia
843,dialisis
844,dialisis
845,intervenciones
846,dialisis
847,intervenciones
848,dialisis
849,cirugia
850,intervenciones
851,intervenciones
852,dialisis
853,cirugia
854,cirugia
855,cirugia_ambulatoria
856,cirugia_ambulatoria
857,cirugia
858,cirugia
859,dialisis
860,cirugia_ambulatoria
861,dialisis
862,cirugia
863,dialisis
864,intervenciones
865,cirugia
866,dialisis
867,dialisis
868,intervenciones
869,intervenciones
870,cirugia_ambulatoria
871,cirugia_ambulatoria
872,cirugia_ambulatoria
873,intervenciones
874,cirugia
875,intervenciones
876,cirugia_ambulatoria
877,cirugia
878,cirugia_ambulatoria
879,dialisis
880,cirugia_ambulatoria
881,dialisis
882,dialisis
883,dialisis
884,intervenciones
885,cirugia
886,cirugia_ambulatoria
887,dialisis
888,cirugia_ambulatoria
889,cirugia
890,intervenciones
891,cirugia
892,dialisis
893,cirugia
894,dialisis
895,intervenciones
896,cirugia_ambulatoria
897,dialisis
898,intervenciones
899,intervenciones
900,cirugia_ambulatoria
901,dialisis
902,cirugia_ambulatoria
903,cirugia
904,cirugia_ambulatoria
905,cirugia_ambulatoria
906,cirugia_ambulatoria
907,dialisis
908,intervenciones
909,cirugia
910,cirugia
911,cirugia_ambulatoria
912,intervenciones
913,cirugia
914,intervenciones
915,cirugia
916,cirugia_ambulatoria
917,intervenciones
918,intervenciones
919,intervenciones
920,cirugia_ambulatoria
921,cirugia
922,cirugia_ambulatoria
923,dialisis
924,cirugia
925,cirugia_ambulatoria
926,dialisis
927,cirugia_ambulatoria
928,cirugia_ambulatoria
929,dialisis
930,cirugia_ambulatoria
931,cirugia
932,dialisis
933,cirugia_ambulatoria
934,dialisis
935,intervenciones
936,dialisis
937,cirugia
938,intervenciones
939,intervenciones
940,cirugia
941,intervenciones
942,dialisis
943,cirugia
944,cirugia_ambulatoria
945,intervenciones
946,intervenciones
947,cirugia
948,intervenciones
949,cirugia_ambulatoria
950,cirugia_ambulatoria
951,cirugia_ambulatoria
952,cirugia
953,cirugia
954,cirugia
955,dialisis
956,cirugia_ambulatoria
957,intervenciones
958,cirugia
959,dialisis
960,cirugia_ambulatoria
961,intervenciones
962,cirugia_ambulatoria
963,intervenciones
964,cirugia
965,cirugia_ambulatoria
966,dialisis
967,cirugia_ambulatoria
968,cirugia_ambulatoria
969,dialisis
970,intervenciones
971,intervenciones
972,dialisis
973,cirugia_ambulatoria
974,cirugia
975,intervenciones
976,intervenciones
977,intervenciones
978,cirugia
979,cirugia
980,dialisis
981,intervenciones
982,intervenciones
983,cirugia_ambulatoria
984,cirugia_ambulatoria
985,cirugia
986,intervenciones
987,dialisis
988,cirugia_ambulatoria
989,intervenciones
990,dialisis
991,intervenciones
992,intervenciones
993,dialisis
994,cirugia
995,cirugia
996,cirugia_ambulatoria
997,cirugia_ambulatoria
998,cirugia
999,cirugia_ambulatoria
1000,dialisis
1001,cirugia
1002,dialisis
1003,intervenciones
1004,cirugia
1005,cirugia_ambulatoria
1006,dialisis
1007,dialisis
1008,cirugia
1009,dialisis
1010,dialisis
1011,intervenciones
1012,cirugia_ambulatoria
1013,intervenciones
1014,intervenciones
1015,cirugia_ambulatoria
1016,intervenciones
1017,intervenciones
1018,intervenciones
1019,cirugia
1020,cirugia
1021,cirugia
1022,intervenciones
1023,cirugia
1024,dialisis
1025,cirugia
1026,intervenciones
1027,cirugia
1028,dialisis
1029,cirugia
1030,dialisis
1031,cirugia
1032,cirugia
1033,intervenciones
1034,cirugia
1035,dialisis
1036,intervenciones
1037,intervenciones
1038,cirugia
1039,dialisis
1040,cirugia_ambulatoria
1041,cirugia
1042,dialisis
1043,cirugia_ambulatoria
1044,cirugia
1045,intervenciones
1046,cirugia
1047,intervenciones
1048,cirugia_ambulatoria
1049,cirugia
1050,cirugia_ambulatoria
1051,cirugia_ambulatoria
1052,cirugia_ambulatoria
1053,cirugia_ambulatoria
1054,dialisis
1055,intervenciones
1056,dialisis
1057,intervenciones
1058,intervenciones
1059,intervenciones
1060,cirugia_ambulatoria
1061,cirugia_ambulatoria
1062,cirugia_ambulatoria
1063,intervenciones
1064,dialisis
1065,cirugia
1066,intervenciones
1067,intervenciones
1068,cirugia
1069,cirugia_ambulatoria
1070,cirugia
1071,cirugia
1072,cirugia
1073,intervenciones
1074,cirugia
1075,intervenciones
1076,cirugia
1077,dialisis
1078,dialisis
1079,dialisis
1080,cirugia_ambulatoria
1081,dialisis
1082,cirugia
1083,cirugia
1084,intervenciones
1085,intervenciones
1086,dialisis
1087,dialisis
1088,cirugia_ambulatoria
1089,cirugia
1090,dialisis
1091,dialisis
1092,cirugia
1093,intervenciones
1094,cirugia_ambulatoria
1095,cirugia
1096,intervenciones
1097,intervenciones
1098,dialisis
1099,cirugia
1100,cirugia
1101,cirugia_ambulatoria
1102,intervenciones
1103,cirugia_ambulatoria
1104,intervenciones
1105,cirugia
1106,dialisis
1107,cirugia_ambulatoria
1108,cirugia
1109,cirugia
1110,cirugia_ambulatoria
1111,intervenciones
1112,dialisis
1113,dialisis
1114,dialisis
1115,intervenciones
1116,cirugia
1117,cirugia
1118,cirugia_ambulatoria
1119,intervenciones
1120,cirugia_ambulatoria
1121,intervenciones
1122,intervenciones
1123,intervenciones
1124,cirugia
1125,cirugia_ambulatoria
1126,dialisis
1127,cirugia
1128,intervenciones
1129,intervenciones
1130,cirugia_ambulatoria
1131,dialisis
1132,cirugia_ambulatoria
1133,intervenciones
1134,cirugia
1135,cirugia
1136,cirugia_ambulatoria
1137,dialisis
1138,intervenciones
1139,cirugia
1140,dialisis
1141,intervenciones
1142,dialisis
1143,dialisis
1144,cirugia
1145,cirugia_ambulatoria
1146,cirugia
1147,cirugia_ambulatoria
1148,cirugia_ambulatoria
1149,cirugia
1150,cirugia
1151,cirugia_ambulatoria
1152,dialisis
1153,cirugia
1154,dialisis
1155,cirugia
1156,intervenciones
1157,intervenciones
1158,dialisis
1159,dialisis
1160,dialisis
1161,intervenciones
1162,dialisis
1163,intervenciones
1164,cirugia
1165,dialisis
1166,intervenciones
1167,cirugia
1168,cirugia
1169,intervenciones
1170,intervenciones
1171,dialisis
1172,cirugia_ambulatoria
1173,cirugia
1174,intervenciones
1175,cirugia_ambulatoria
1176,intervenciones
1177,intervenciones
1178,cirugia_ambulatoria
1179,dialisis
1180,dialisis
1181,cirugia_ambulatoria
1182,dialisis
1183,cirugia_ambulatoria
1184,cirugia
1185,cirugia_ambulatoria
1186,cirugia_ambulatoria
1187,intervenciones
1188,intervenciones
1189,cirugia_ambulatoria
1190,cirugia_ambulatoria
1191,cirugia
1192,cirugia
1193,cirugia_ambulatoria
1194,intervenciones
1195,cirugia_ambulatoria
1196,dialisis
1197,cirugia_ambulatoria
1198,cirugia
1199,dialisis
1200,cirugia
1201,cirugia
1202,cirugia
1203,dialisis
1204,cirugia_ambulatoria
1205,cirugia_ambulatoria
1206,intervenciones
1207,cirugia
1208,dialisis
1209,cirugia
1210,intervenciones
1211,intervenciones
1212,cirugia
1213,intervenciones
1214,cirugia
1215,cirugia_ambulatoria
1216,cirugia
1217,intervenciones
1218,cirugia
1219,intervenciones
1220,intervenciones
1221,cirugia
1222,dialisis
1223,dialisis
1224,cirugia_ambulatoria
1225,cirugia_ambulatoria
1226,dialisis
1227,cirugia_ambulatoria
1228,dialisis
1229,intervenciones
1230,cirugia_ambulatoria
1231,cirugia
1232,intervenciones
1233,dialisis
1234,cirugia_ambulatoria
1235,intervenciones
1236,cirugia
1237,cirugia
1238,cirugia
1239,intervenciones
1240,cirugia_ambulatoria
1241,dialisis
1242,intervenciones
1243,cirugia
1244,dialisis
1245,dialisis
1246,dialisis
1247,intervenciones
1248,cirugia
1249,dialisis
1250,dialisis
1251,cirugia_ambulatoria
1252,cirugia
1253,intervenciones
1254,dialisis
1255,intervenciones
1256,cirugia
1257,cirugia
1258,cirugia_ambulatoria
1259,intervenciones
1260,cirugia_ambulatoria
1261,cirugia_ambulatoria
1262,cirugia
1263,cirugia_ambulatoria
1264,intervenciones
1265,dialisis
1266,cirugia
1267,intervenciones
1268,cirugia_ambulatoria
1269,dialisis
1270,cirugia
1271,dialisis
1272,intervenciones
1273,dialisis
1274,intervenciones
1275,intervenciones
1276,dialisis
1277,dialisis
1278,intervenciones
1279,cirugia
1280,cirugia_ambulatoria
1281,intervenciones
1282,cirugia
1283,cirugia
1284,cirugia_ambulatoria
1285,dialisis
1286,dialisis
1287,cirugia_ambulatoria
1288,dialisis
1289,dialisis
1290,intervenciones
1291,cirugia
1292,intervenciones
1293,cirugia
1294,cirugia_ambulatoria
1295,cirugia_ambulatoria
1296,dialisis
1297,cirugia
1298,cirugia
1299,intervenciones
1300,cirugia_ambulatoria
1301,cirugia_ambulatoria
1302,cirugia
1303,dialisis
1304,cirugia_ambulatoria
1305,cirugia_ambulatoria
1306,intervenciones
1307,dialisis
1308,cirugia
1309,dialisis
1310,intervenciones
1311,dialisis
1312,cirugia_ambulatoria
1313,cirugia
1314,dialisis
1315,dialisis
1316,intervenciones
1317,cirugia_ambulatoria
1318,dialisis
1319,cirugia
1320,cirugia_ambulatoria
1321,dialisis
1322,intervenciones
1323,dialisis
1324,cirugia
1325,cirugia_ambulatoria
1326,dialisis
1327,cirugia
1328,cirugia_ambulatoria
1329,cirugia_ambulatoria
1330,intervenciones
1331,cirugia_ambulatoria
1332,cirugia
1333,dialisis
1334,intervenciones
1335,cirugia_ambulatoria
1336,cirugia_ambulatoria
1337,intervenciones
1338,dialisis
1339,cirugia
1340,intervenciones
1341,intervenciones
1342,cirugia
1343,cirugia
1344,cirugia_ambulatoria
1345,cirugia
1346,cirugia
1347,cirugia_ambulatoria
1348,cirugia
1349,cirugia
1350,intervenciones
1351,dialisis
1352,dialisis
1353,dialisis
1354,dialisis
1355,intervenciones
1356,cirugia
1357,cirugia_ambulatoria
1358,cirugia_ambulatoria
1359,intervenciones
1360,intervenciones
1361,cirugia
1362,cirugia
1363,dialisis
1364,cirugia_ambulatoria
1365,dialisis
1366,cirugia_ambulatoria
1367,intervenciones
1368,intervenciones
1369,cirugia_ambulatoria
1370,dialisis
1371,cirugia
1372,cirugia
1373,intervenciones
1374,dialisis
1375,cirugia
1376,cirugia
1377,intervenciones
1378,dialisis
1379,intervenciones
1380,dialisis
1381,cirugia
1382,cirugia_ambulatoria
1383,intervenciones
1384,cirugia
1385,intervenciones
1386,cirugia
1387,dialisis
1388,intervenciones
1389,intervenciones
1390,intervenciones
1391,intervenciones
1392,dialisis
1393,cirugia_ambulatoria
1394,dialisis
1395,dialisis
1396,dialisis
1397,cirugia
1398,intervenciones
1399,cirugia_ambulatoria
1400,intervenciones
1401,cirugia_ambulatoria
1402,dialisis
1403,cirugia
1404,cirugia_ambulatoria
1405,intervenciones
1406,cirugia
1407,intervenciones
1408,cirugia_ambulatoria
1409,cirugia
1410,dialisis
1411,cirugia
1412,intervenciones
1413,dialisis
1414,cirugia
1415,cirugia
1416,intervenciones
1417,cirugia_ambulatoria
1418,intervenciones
1419,dialisis
1420,cirugia_ambulatoria
1421,intervenciones
1422,dialisis
1423,cirugia_ambulatoria
1424,intervenciones
1425,intervenciones
1426,cirugia
1427,intervenciones
1428,dialisis
1429,cirugia
1430,intervenciones
1431,dialisis
1432,intervenciones
1433,dialisis
1434,intervenciones
1435,dialisis
1436,cirugia_ambulatoria
1437,dialisis
1438,dialisis
1439,dialisis
1440,cirugia
1441,dialisis
1442,cirugia
1443,intervenciones
1444,cirugia
1445,dialisis
1446,cirugia
1447,intervenciones
1448,cirugia_ambulatoria
1449,intervenciones
1450,cirugia
1451,cirugia
1452,cirugia
1453,cirugia
1454,intervenciones
1455,dialisis
1456,intervenciones
1457,cirugia_ambulatoria
1458,intervenciones
1459,cirugia_ambulatoria
1460,cirugia_ambulatoria
1461,intervenciones
1462,dialisis
1463,dialisis
1464,cirugia
1465,cirugia_ambulatoria
1466,dialisis
1467,cirugia
1468,dialisis
1469,dialisis
1470,cirugia
1471,cirugia_ambulatoria
1472,dialisis
1473,cirugia
1474,cirugia_ambulatoria
1475,dialisis
1476,intervenciones
1477,intervenciones
1478,dialisis
1479,dialisis
1480,cirugia
1481,intervenciones
1482,intervenciones
1483,cirugia
1484,intervenciones
1485,cirugia
1486,cirugia_ambulatoria
1487,cirugia
1488,dialisis
1489,dialisis
1490,cirugia
1491,intervenciones
1492,cirugia_ambulatoria
1493,cirugia
1494,dialisis
1495,cirugia_ambulatoria
1496,cirugia_ambulatoria
1497,dialisis
1498,dialisis
1499,intervenciones
1500,cirugia_ambulatoria
1501,cirugia_ambulatoria
1502,cirugia_ambulatoria
1503,dialisis
1504,cirugia
1505,cirugia_ambulatoria
1506,intervenciones
1507,cirugia
1508,cirugia_ambulatoria
1509,intervenciones
1510,dialisis
1511,cirugia_ambulatoria
1512,intervenciones
1513,dialisis
1514,dialisis
1515,intervenciones
1516,cirugia_ambulatoria
1517,cirugia
1518,cirugia_ambulatoria
1519,dialisis
1520,dialisis
1521,cirugia
1522,dialisis
1523,cirugia
1524,dialisis
1525,dialisis
1526,cirugia
1527,cirugia_ambulatoria
1528,cirugia
1529,intervenciones
1530,intervenciones
1531,intervenciones
1532,intervenciones
1533,dialisis
1534,cirugia_ambulatoria
1535,cirugia
1536,cirugia_ambulatoria
1537,cirugia
1538,dialisis
1539,intervenciones
1540,intervenciones
1541,cirugia
1542,dialisis
1543,intervenciones
1544,cirugia_ambulatoria
1545,cirugia_ambulatoria
1546,dialisis
1547,intervenciones
1548,cirugia_ambulatoria
1549,intervenciones
1550,cirugia
1551,cirugia
1552,intervenciones
1553,intervenciones
1554,cirugia
1555,cirugia_ambulatoria
1556,intervenciones
1557,dialisis
1558,cirugia
1559,cirugia
1560,cirugia_ambulatoria
1561,cirugia_ambulatoria
1562,cirugia_ambulatoria
1563,cirugia
1564,dialisis
1565,intervenciones
1566,intervenciones
1567,cirugia
1568,cirugia_ambulatoria
1569,intervenciones
1570,intervenciones
1571,cirugia_ambulatoria
1572,cirugia
1573,dialisis
1574,cirugia
1575,intervenciones
1576,cirugia_ambulatoria
1577,cirugia_ambulatoria
1578,intervenciones
1579,cirugia
1580,cirugia_ambulatoria
1581,cirugia_ambulatoria
1582,cirugia_ambulatoria
1583,dialisis
1584,cirugia
1585,cirugia_ambulatoria
1586,cirugia
1587,intervenciones
1588,dialisis
1589,cirugia_ambulatoria
1590,dialisis
1591,intervenciones
1592,dialisis
1593,cirugia_ambulatoria
1594,intervenciones
1595,intervenciones
1596,cirugia_ambulatoria
1597,cirugia
1598,cirugia
1599,cirugia_ambulatoria
1600,cirugia
1601,intervenciones
1602,cirugia
1603,intervenciones
1604,cirugia_ambulatoria
1605,cirugia
1606,cirugia
1607,dialisis
1608,cirugia
1609,dialisis
1610,dialisis
1611,cirugia_ambulatoria
1612,intervenciones
1613,intervenciones
1614,cirugia
1615,cirugia_ambulatoria
1616,intervenciones
1617,cirugia_ambulatoria
1618,dialisis
1619,cirugia
1620,intervenciones
1621,dialisis
1622,cirugia
1623,dialisis
1624,dialisis
1625,cirugia
1626,cirugia_ambulatoria
1627,cirugia
1628,cirugia
1629,intervenciones
1630,cirugia_ambulatoria
1631,dialisis
1632,cirugia_ambulatoria
1633,intervenciones
1634,cirugia_ambulatoria
1635,dialisis
1636,cirugia_ambulatoria
1637,cirugia
1638,dialisis
1639,intervenciones
1640,cirugia_ambulatoria
1641,dialisis
1642,intervenciones
1643,intervenciones
1644,cirugia_ambulatoria
1645,cirugia
1646,intervenciones
1647,cirugia
1648,cirugia
1649,cirugia_ambulatoria
1650,dialisis
1651,cirugia
1652,cirugia_ambulatoria
1653,intervenciones
1654,cirugia
1655,cirugia_ambulatoria
1656,cirugia
1657,dialisis
1658,cirugia
1659,intervenciones
1660,cirugia
1661,cirugia_ambulatoria
1662,cirugia_ambulatoria
1663,dialisis
1664,cirugia
1665,intervenciones
1666,dialisis
1667,cirugia_ambulatoria
1668,cirugia_ambulatoria
1669,cirugia
1670,cirugia_ambulatoria
1671,cirugia_ambulatoria
1672,cirugia
1673,intervenciones
1674,cirugia
1675,dialisis
1676,cirugia_ambulatoria
1677,dialisis
1678,dialisis
1679,cirugia_ambulatoria
1680,cirugia_ambulatoria
1681,cirugia_ambulatoria
1682,cirugia
1683,intervenciones
1684,dialisis
1685,dialisis
1686,dialisis
1687,cirugia
1688,intervenciones
1689,dialisis
1690,cirugia
1691,intervenciones
1692,cirugia
1693,intervenciones
1694,intervenciones
1695,cirugia
1696,intervenciones
1697,cirugia
1698,cirugia
1699,intervenciones
1700,cirugia_ambulatoria
1701,intervenciones
1702,cirugia
1703,cirugia_ambulatoria
1704,intervenciones
1705,cirugia_ambulatoria
1706,cirugia_ambulatoria
1707,intervenciones
1708,cirugia
1709,cirugia_ambulatoria
1710,intervenciones
1711,dialisis
1712,cirugia
1713,dialisis
1714,intervenciones
1715,dialisis
1716,cirugia
1717,intervenciones
1718,cirugia
1719,dialisis
1720,intervenciones
1721,intervenciones
1722,dialisis
1723,cirugia_ambulatoria
1724,cirugia
1725,cirugia
1726,dialisis
1727,intervenciones
1728,cirugia
1729,intervenciones
1730,intervenciones
1731,dialisis
1732,dialisis
1733,dialisis
1734,intervenciones
1735,dialisis
1736,cirugia_ambulatoria
1737,cirugia_ambulatoria
1738,intervenciones
1739,cirugia
1740,dialisis
1741,intervenciones
1742,intervenciones
1743,dialisis
1744,cirugia
1745,cirugia
1746,dialisis
1747,cirugia_ambulatoria
1748,dialisis
1749,dialisis
1750,cirugia
1751,dialisis
1752,intervenciones
1753,dialisis
1754,dialisis
1755,intervenciones
1756,dialisis
1757,cirugia_ambulatoria
1758,cirugia_ambulatoria
1759,cirugia
1760,cirugia
1761,intervenciones
1762,dialisis
1763,intervenciones
1764,dialisis
1765,cirugia_ambulatoria
1766,intervenciones
1767,cirugia_ambulatoria
1768,cirugia
1769,cirugia_ambulatoria
1770,cirugia
1771,dialisis
1772,intervenciones
1773,intervenciones
1774,cirugia_ambulatoria
1775,intervenciones
1776,cirugia_ambulatoria
1777,intervenciones
1778,dialisis
1779,cirugia_ambulatoria
1780,cirugia_ambulatoria
1781,dialisis
1782,intervenciones
1783,dialisis
1784,cirugia
1785,dialisis
1786,intervenciones
1787,intervenciones
1788,cirugia_ambulatoria
1789,dialisis
1790,dialisis
1791,dialisis
1792,cirugia
1793,dialisis
1794,dialisis
1795,intervenciones
1796,cirugia_ambulatoria
1797,dialisis
1798,cirugia_ambulatoria
1799,cirugia_ambulatoria
1800,cirugia_ambulatoria
1801,intervenciones
1802,intervenciones
1803,dialisis
1804,cirugia_ambulatoria
1805,cirugia
1806,dialisis
1807,intervenciones
1808,dialisis
1809,cirugia_ambulatoria
1810,cirugia_ambulatoria
1811,dialisis
1812,dialisis
1813,cirugia_ambulatoria
1814,cirugia
1815,cirugia
1816,intervenciones
1817,cirugia
1818,cirugia_ambulatoria
1819,cirugia
1820,cirugia_ambulatoria
1821,cirugia_ambulatoria
1822,cirugia_ambulatoria
1823,intervenciones
1824,cirugia
1825,cirugia
1826,cirugia
1827,cirugia_ambulatoria
1828,cirugia_ambulatoria
1829,cirugia
1830,dialisis
1831,intervenciones
1832,intervenciones
1833,cirugia_ambulatoria
1834,intervenciones
1835,dialisis
1836,dialisis
1837,cirugia_ambulatoria
1838,intervenciones
1839,intervenciones
1840,cirugia
1841,cirugia
1842,cirugia_ambulatoria
1843,dialisis
1844,cirugia_ambulatoria
1845,cirugia
1846,dialisis
1847,cirugia
1848,intervenciones
1849,dialisis
1850,intervenciones
1851,dialisis
1852,dialisis
1853,cirugia
1854,cirugia_ambulatoria
1855,cirugia
1856,cirugia
1857,cirugia
1858,intervenciones
1859,dialisis
1860,intervenciones
1861,cirugia_ambulatoria
1862,cirugia
1863,intervenciones
1864,dialisis
1865,dialisis
1866,dialisis
1867,dialisis
1868,cirugia
1869,dialisis
1870,cirugia
1871,intervenciones
1872,cirugia
1873,dialisis
1874,dialisis
1875,intervenciones
1876,intervenciones
1877,dialisis
1878,cirugia_ambulatoria
1879,cirugia_ambulatoria
1880,dialisis
1881,dialisis
1882,intervenciones
1883,dialisis
1884,dialisis
1885,dialisis
1886,intervenciones
1887,intervenciones
1888,dialisis
1889,cirugia
1890,dialisis
1891,cirugia
1892,intervenciones
1893,intervenciones
1894,intervenciones
1895,dialisis
1896,dialisis
1897,cirugia
1898,dialisis
1899,intervenciones
1900,dialisis
1901,cirugia
1902,intervenciones
1903,cirugia
1904,cirugia_ambulatoria
1905,cirugia
1906,cirugia_ambulatoria
1907,intervenciones
1908,cirugia
1909,intervenciones
1910,dialisis
1911,cirugia_ambulatoria
1912,cirugia_ambulatoria
1913,intervenciones
1914,intervenciones
1915,dialisis
1916,dialisis
1917,cirugia_ambulatoria
1918,intervenciones
1919,intervenciones
1920,cirugia_ambulatoria
1921,intervenciones
1922,cirugia
1923,cirugia_ambulatoria
1924,cirugia
1925,dialisis
1926,intervenciones
1927,cirugia_ambulatoria
1928,intervenciones
1929,dialisis
1930,dialisis
1931,intervenciones
1932,cirugia_ambulatoria
1933,cirugia
1934,cirugia
1935,cirugia_ambulatoria
1936,cirugia
1937,dialisis
1938,dialisis
1939,dialisis
1940,dialisis
1941,cirugia_ambulatoria
1942,cirugia_ambulatoria
1943,cirugia
1944,intervenciones
1945,dialisis
1946,cirugia_ambulatoria
1947,dialisis
1948,cirugia_ambulatoria
1949,intervenciones
1950,dialisis
1951,cirugia_ambulatoria
1952,cirugia_ambulatoria
1953,cirugia_ambulatoria
1954,cirugia_ambulatoria
1955,dialisis
1956,dialisis
1957,intervenciones
1958,cirugia_ambulatoria
1959,cirugia_ambulatoria
1960,dialisis
1961,cirugia_ambulatoria
1962,cirugia
1963,dialisis
1964,cirugia_ambulatoria
1965,cirugia_ambulatoria
1966,cirugia_ambulatoria
1967,cirugia
1968,intervenciones
1969,cirugia_ambulatoria
1970,cirugia
1971,intervenciones
1972,intervenciones
1973,cirugia
1974,dialisis
1975,cirugia
1976,intervenciones
1977,intervenciones
1978,dialisis
1979,dialisis
1980,cirugia_ambulatoria
1981,dialisis
1982,intervenciones
1983,cirugia_ambulatoria
1984,dialisis
1985,cirugia_ambulatoria
1986,cirugia
1987,cirugia
1988,dialisis
1989,intervenciones
1990,cirugia
1991,intervenciones
1992,dialisis
1993,dialisis
1994,cirugia
1995,cirugia_ambulatoria
1996,intervenciones
1997,cirugia
1998,dialisis
1999,cirugia_ambulatoria
2000,cirugia_ambulatoria
2001,dialisis
2002,intervenciones
2003,intervenciones
2004,dialisis
2005,intervenciones
2006,dialisis
2007,intervenciones
2008,cirugia_ambulatoria
2009,cirugia
2010,cirugia
2011,intervenciones
2012,dialisis
2013,intervenciones
2014,cirugia_ambulatoria
2015,cirugia_ambulatoria
2016,cirugia
2017,cirugia
2018,cirugia_ambulatoria
2019,cirugia_ambulatoria
2020,cirugia_ambulatoria
2021,intervenciones
2022,cirugia
2023,cirugia_ambulatoria
2024,intervenciones
2025,dialisis
2026,dialisis
2027,dialisis
2028,cirugia_ambulatoria
2029,cirugia_ambulatoria
2030,intervenciones
2031,intervenciones
2032,intervenciones
2033,cirugia
2034,dialisis
2035,dialisis
2036,cirugia
2037,cirugia_ambulatoria
2038,intervenciones
2039,cirugia
2040,intervenciones
2041,dialisis
2042,dialisis
2043,intervenciones
2044,cirugia
2045,intervenciones
2046,intervenciones
2047,dialisis
2048,cirugia_ambulatoria
2049,cirugia
2050,dialisis
2051,cirugia_ambulatoria
2052,dialisis
2053,cirugia
2054,cirugia
2055,cirugia_ambulatoria
2056,cirugia_ambulatoria
2057,intervenciones
2058,dialisis
2059,intervenciones
2060,intervenciones
2061,cirugia
2062,dialisis
2063,cirugia
2064,dialisis
2065,intervenciones
2066,intervenciones
2067,cirugia_ambulatoria
2068,intervenciones
2069,cirugia
2070,cirugia_ambulatoria
2071,intervenciones
2072,cirugia_ambulatoria
2073,cirugia_ambulatoria
2074,cirugia_ambulatoria
2075,cirugia_ambulatoria
2076,cirugia
2077,dialisis
2078,intervenciones
2079,dialisis
2080,intervenciones
2081,dialisis
2082,cirugia_ambulatoria
2083,intervenciones
2084,cirugia_ambulatoria
2085,intervenciones
2086,cirugia_ambulatoria
2087,cirugia
2088,intervenciones
2089,cirugia
2090,intervenciones
2091,cirugia_ambulatoria
2092,dialisis
2093,intervenciones
2094,cirugia
2095,cirugia_ambulatoria
2096,intervenciones
2097,dialisis
2098,cirugia_ambulatoria
2099,intervenciones
2100,intervenciones
2101,intervenciones
2102,dialisis
2103,cirugia
2104,dialisis
2105,cirugia
2106,intervenciones
2107,cirugia_ambulatoria
2108,cirugia
2109,cirugia_ambulatoria
2110,cirugia_ambulatoria
2111,cirugia_ambulatoria
2112,dialisis
2113,intervenciones
2114,intervenciones
2115,cirugia
2116,intervenciones
2117,cirugia
2118,intervenciones
2119,cirugia_ambulatoria
2120,dialisis
2121,cirugia_ambulatoria
2122,dialisis
2123,dialisis
2124,cirugia_ambulatoria
2125,intervenciones
2126,intervenciones
2127,cirugia_ambulatoria
2128,cirugia
2129,cirugia_ambulatoria
2130,cirugia
2131,dialisis
2132,intervenciones
2133,cirugia_ambulatoria
2134,intervenciones
2135,dialisis
2136,dialisis
2137,cirugia_ambulatoria
2138,intervenciones
2139,cirugia
2140,cirugia_ambulatoria
2141,dialisis
2142,dialisis
2143,dialisis
2144,intervenciones
2145,cirugia_ambulatoria
2146,cirugia
2147,cirugia_ambulatoria
2148,intervenciones
2149,dialisis
2150,intervenciones
2151,intervenciones
2152,intervenciones
2153,intervenciones
2154,dialisis
2155,intervenciones
2156,cirugia
2157,cirugia
2158,intervenciones
2159,cirugia_ambulatoria
2160,intervenciones
2161,intervenciones
2162,dialisis
2163,cirugia
2164,dialisis
2165,cirugia_ambulatoria
2166,cirugia
2167,cirugia_ambulatoria
2168,cirugia_ambulatoria
2169,dialisis
2170,intervenciones
2171,cirugia
2172,cirugia
2173,dialisis
2174,dialisis
2175,cirugia_ambulatoria
2176,dialisis
2177,cirugia_ambulatoria
2178,dialisis
2179,cirugia
2180,cirugia
2181,dialisis
2182,cirugia_ambulatoria
2183,cirugia
2184,cirugia
2185,cirugia_ambulatoria
2186,cirugia
2187,cirugia_ambulatoria
2188,intervenciones
2189,cirugia
2190,cirugia_ambulatoria
2191,intervenciones
2192,cirugia_ambulatoria
2193,intervenciones
2194,dialisis
2195,cirugia
2196,cirugia_ambulatoria
2197,cirugia
2198,cirugia
2199,dialisis
2200,cirugia_ambulatoria
2201,cirugia_ambulatoria
2202,dialisis
2203,cirugia_ambulatoria
2204,cirugia
2205,intervenciones
2206,cirugia_ambulatoria
2207,cirugia
2208,cirugia
2209,intervenciones
2210,dialisis
2211,dialisis
2212,cirugia
2213,cirugia_ambulatoria
2214,intervenciones
2215,intervenciones
2216,dialisis
2217,intervenciones
2218,dialisis
2219,cirugia_ambulatoria
2220,dialisis
2221,cirugia_ambulatoria
2222,cirugia
2223,dialisis
2224,cirugia_ambulatoria
2225,dialisis
2226,cirugia_ambulatoria
2227,cirugia_ambulatoria
2228,cirugia
2229,intervenciones
2230,cirugia
2231,cirugia
2232,dialisis
2233,intervenciones
2234,cirugia_ambulatoria
2235,intervenciones
2236,intervenciones
2237,cirugia
2238,intervenciones
2239,intervenciones
2240,cirugia_ambulatoria
2241,intervenciones
2242,cirugia_ambulatoria
2243,dialisis
2244,intervenciones
2245,cirugia
2246,dialisis
2247,cirugia_ambulatoria
2248,dialisis
2249,cirugia
2250,cirugia_ambulatoria
2251,dialisis
2252,cirugia
2253,dialisis
2254,dialisis
2255,cirugia_ambulatoria
2256,dialisis
2257,intervenciones
2258,cirugia
2259,cirugia
2260,cirugia_ambulatoria
2261,cirugia_ambulatoria
2262,intervenciones
2263,dialisis
2264,cirugia
2265,cirugia_ambulatoria
2266,cirugia
2267,cirugia_ambulatoria
2268,intervenciones
2269,cirugia_ambulatoria
2270,intervenciones
2271,cirugia
2272,dialisis
2273,intervenciones
2274,cirugia_ambulatoria
2275,cirugia_ambulatoria
2276,intervenciones
2277,intervenciones
2278,cirugia
2279,dialisis
2280,cirugia_ambulatoria
2281,cirugia
2282,dialisis
2283,cirugia
2284,cirugia_ambulatoria
2285,dialisis
2286,dialisis
2287,intervenciones
2288,cirugia
2289,intervenciones
2290,dialisis
2291,cirugia_ambulatoria
2292,cirugia
2293,intervenciones
2294,cirugia
2295,intervenciones
2296,cirugia_ambulatoria
2297,cirugia
2298,cirugia_ambulatoria
2299,cirugia_ambulatoria
2300,intervenciones
2301,cirugia
2302,cirugia_ambulatoria
2303,intervenciones
2304,intervenciones
2305,cirugia_ambulatoria
2306,intervenciones
2307,cirugia_ambulatoria
2308,intervenciones
2309,intervenciones
2310,cirugia
2311,cirugia
2312,cirugia_ambulatoria
2313,dialisis
2314,cirugia_ambulatoria
2315,cirugia_ambulatoria
2316,cirugia
2317,cirugia_ambulatoria
2318,cirugia_ambulatoria
2319,cirugia_ambulatoria
2320,dialisis
2321,dialisis
2322,dialisis
2323,cirugia_ambulatoria
2324,dialisis
2325,dialisis
2326,dialisis
2327,dialisis
2328,dialisis
2329,intervenciones
2330,cirugia_ambulatoria
2331,cirugia
2332,cirugia
2333,dialisis
2334,intervenciones
2335,cirugia
2336,cirugia_ambulatoria
2337,cirugia
2338,dialisis
2339,cirugia
2340,intervenciones
2341,dialisis
2342,cirugia_ambulatoria
2343,intervenciones
2344,dialisis
2345,intervenciones
2346,dialisis
2347,cirugia
2348,intervenciones
2349,dialisis
2350,cirugia_ambulatoria
2351,intervenciones
2352,cirugia_ambulatoria
2353,cirugia_ambulatoria
2354,cirugia
2355,cirugia_ambulatoria
2356,dialisis
2357,cirugia
2358,cirugia
2359,cirugia_ambulatoria
2360,dialisis
2361,intervenciones
2362,dialisis
2363,dialisis
2364,dialisis
2365,cirugia
2366,cirugia
2367,cirugia
2368,cirugia
2369,intervenciones
2370,cirugia_ambulatoria
2371,cirugia_ambulatoria
2372,cirugia_ambulatoria
2373,cirugia
2374,intervenciones
2375,cirugia_ambulatoria
2376,cirugia_ambulatoria
2377,cirugia_ambulatoria
2378,cirugia_ambulatoria
2379,cirugia
2380,intervenciones
2381,cirugia
2382,cirugia_ambulatoria
2383,cirugia
2384,intervenciones
2385,cirugia
2386,cirugia
2387,intervenciones
2388,dialisis
2389,intervenciones
2390,dialisis
2391,dialisis
2392,intervenciones
2393,cirugia
2394,intervenciones
2395,intervenciones
2396,cirugia_ambulatoria
2397,cirugia_ambulatoria
2398,intervenciones
2399,cirugia_ambulatoria
2400,intervenciones
2401,cirugia
2402,intervenciones
2403,dialisis
2404,cirugia_ambulatoria
2405,dialisis
2406,dialisis
2407,intervenciones
2408,cirugia_ambulatoria
2409,cirugia_ambulatoria
2410,cirugia_ambulatoria
2411,cirugia
2412,dialisis
2413,dialisis
2414,cirugia
2415,cirugia_ambulatoria
2416,cirugia
2417,cirugia
2418,dialisis
2419,cirugia
2420,dialisis
2421,cirugia_ambulatoria
2422,cirugia
2423,cirugia
2424,cirugia
2425,intervenciones
2426,cirugia_ambulatoria
2427,cirugia
2428,cirugia
2429,intervenciones
2430,cirugia
2431,intervenciones
2432,dialisis
2433,intervenciones
2434,cirugia
2435,cirugia_ambulatoria
2436,dialisis
2437,dialisis
2438,cirugia
2439,dialisis
2440,intervenciones
2441,cirugia_ambulatoria
2442,dialisis
2443,cirugia_ambulatoria
2444,cirugia
2445,dialisis
2446,dialisis
2447,dialisis
2448,cirugia
2449,intervenciones
2450,dialisis
2451,dialisis
2452,cirugia
2453,cirugia_ambulatoria
2454,cirugia_ambulatoria
2455,intervenciones
2456,cirugia
2457,dialisis
2458,cirugia
2459,cirugia
2460,dialisis
2461,dialisis
2462,cirugia_ambulatoria
2463,cirugia
2464,intervenciones
2465,dialisis
2466,cirugia
2467,intervenciones
2468,cirugia_ambulatoria
2469,intervenciones
2470,cirugia_ambulatoria
2471,cirugia_ambulatoria
2472,dialisis
2473,intervenciones
2474,cirugia
2475,dialisis
2476,dialisis
2477,dialisis
2478,dialisis
2479,cirugia
2480,cirugia
2481,intervenciones
2482,intervenciones
2483,cirugia_ambulatoria
2484,cirugia
2485,cirugia
2486,dialisis
2487,cirugia_ambulatoria
2488,intervenciones
2489,dialisis
2490,intervenciones
2491,cirugia_ambulatoria
2492,intervenciones
2493,cirugia
2494,cirugia_ambulatoria
2495,cirugia
2496,intervenciones
2497,cirugia
2498,intervenciones
2499,cirugia
2500,cirugia_ambulatoria
2501,dialisis
2502,cirugia
2503,intervenciones
2504,intervenciones
2505,dialisis
2506,cirugia
2507,cirugia
2508,cirugia_ambulatoria
2509,dialisis
2510,dialisis
2511,cirugia_ambulatoria
2512,dialisis
2513,dialisis
2514,cirugia_ambulatoria
2515,dialisis
2516,dialisis
2517,dialisis
2518,cirugia_ambulatoria
2519,dialisis
2520,cirugia_ambulatoria
2521,dialisis
2522,cirugia
2523,cirugia_ambulatoria
2524,cirugia
2525,dialisis
2526,cirugia_ambulatoria
2527,cirugia_ambulatoria
2528,intervenciones
2529,cirugia_ambulatoria
2530,intervenciones
2531,cirugia
2532,intervenciones
2533,cirugia_ambulatoria
2534,cirugia
2535,cirugia
2536,cirugia
2537,cirugia_ambulatoria
2538,cirugia_ambulatoria
2539,cirugia_ambulatoria
2540,cirugia_ambulatoria
2541,dialisis
2542,intervenciones
2543,intervenciones
2544,cirugia_ambulatoria
2545,cirugia_ambulatoria
2546,dialisis
2547,intervenciones
2548,dialisis
2549,dialisis
2550,dialisis
2551,cirugia
2552,intervenciones
2553,intervenciones
2554,intervenciones
2555,intervenciones
2556,cirugia
2557,intervenciones
2558,intervenciones
2559,dialisis
2560,cirugia
2561,dialisis
2562,cirugia
2563,cirugia_ambulatoria
2564,cirugia_ambulatoria
2565,intervenciones
2566,intervenciones
2567,cirugia
2568,cirugia_ambulatoria
2569,cirugia_ambulatoria
2570,cirugia
2571,cirugia_ambulatoria
2572,cirugia
2573,cirugia_ambulatoria
2574,cirugia_ambulatoria
2575,cirugia_ambulatoria
2576,cirugia
2577,intervenciones
2578,cirugia
2579,cirugia_ambulatoria
2580,intervenciones
2581,intervenciones
2582,cirugia
2583,cirugia
2584,cirugia
2585,dialisis
2586,intervenciones
2587,dialisis
2588,dialisis
2589,cirugia_ambulatoria
2590,intervenciones
2591,dialisis
2592,cirugia
2593,cirugia
2594,cirugia_ambulatoria
2595,cirugia
2596,dialisis
2597,cirugia_ambulatoria
2598,intervenciones
2599,intervenciones
2600,cirugia
2601,dialisis
2602,dialisis
2603,cirugia_ambulatoria
2604,cirugia
2605,cirugia
2606,cirugia
2607,cirugia_ambulatoria
2608,cirugia_ambulatoria
2609,cirugia_ambulatoria
2610,dialisis
2611,dialisis
2612,intervenciones
2613,dialisis
2614,dialisis
2615,dialisis
2616,cirugia_ambulatoria
2617,cirugia
2618,intervenciones
2619,dialisis
2620,dialisis
2621,cirugia
2622,dialisis
2623,cirugia
2624,dialisis
2625,cirugia
2626,intervenciones
2627,cirugia_ambulatoria
2628,cirugia_ambulatoria
2629,intervenciones
2630,cirugia_ambulatoria
2631,intervenciones
2632,dialisis
2633,cirugia_ambulatoria
2634,intervenciones
2635,cirugia_ambulatoria
2636,intervenciones
2637,dialisis
2638,cirugia
2639,cirugia
2640,dialisis
2641,cirugia_ambulatoria
2642,intervenciones
2643,cirugia
2644,intervenciones
2645,cirugia_ambulatoria
2646,cirugia_ambulatoria
2647,cirugia
2648,intervenciones
2649,cirugia_ambulatoria
2650,cirugia_ambulatoria
2651,cirugia_ambulatoria
2652,intervenciones
2653,dialisis
2654,intervenciones
2655,dialisis
2656,dialisis
2657,dialisis
2658,cirugia
2659,intervenciones
2660,cirugia
2661,cirugia
2662,cirugia
2663,intervenciones
2664,cirugia
2665,cirugia
2666,cirugia
2667,dialisis
2668,dialisis
2669,cirugia_ambulatoria
2670,cirugia
2671,cirugia_ambulatoria
2672,cirugia_ambulatoria
2673,intervenciones
2674,cirugia_ambulatoria
2675,cirugia_ambulatoria
2676,intervenciones
2677,cirugia_ambulatoria
2678,dialisis
2679,intervenciones
2680,cirugia_ambulatoria
2681,cirugia_ambulatoria
2682,cirugia_ambulatoria
2683,cirugia
2684,intervenciones
2685,dialisis
2686,cirugia_ambulatoria
2687,cirugia
2688,cirugia
2689,cirugia_ambulatoria
2690,dialisis
2691,intervenciones
2692,cirugia
2693,cirugia
2694,dialisis
2695,dialisis
2696,intervenciones
2697,cirugia
2698,cirugia
2699,cirugia
2700,intervenciones
2701,cirugia_ambulatoria
2702,dialisis
2703,cirugia
2704,intervenciones
2705,cirugia_ambulatoria
2706,cirugia
2707,intervenciones
2708,cirugia_ambulatoria
2709,cirugia_ambulatoria
2710,dialisis
2711,intervenciones
2712,dialisis
2713,intervenciones
2714,cirugia
2715,cirugia
2716,cirugia
2717,dialisis
2718,cirugia
2719,cirugia_ambulatoria
2720,dialisis
2721,intervenciones
2722,cirugia
2723,intervenciones
2724,intervenciones
2725,intervenciones
2726,dialisis
2727,cirugia
2728,dialisis
2729,cirugia
2730,cirugia
2731,cirugia
2732,cirugia
2733,cirugia_ambulatoria
2734,cirugia_ambulatoria
2735,cirugia
2736,intervenciones
2737,dialisis
2738,dialisis
2739,cirugia_ambulatoria
2740,cirugia_ambulatoria
2741,intervenciones
2742,intervenciones
2743,dialisis
2744,cirugia_ambulatoria
2745,cirugia_ambulatoria
2746,intervenciones
2747,dialisis
2748,cirugia
2749,cirugia_ambulatoria
2750,cirugia_ambulatoria
2751,dialisis
2752,intervenciones
2753,cirugia_ambulatoria
2754,cirugia
2755,cirugia
2756,dialisis
2757,cirugia_ambulatoria
2758,intervenciones
2759,cirugia_ambulatoria
2760,dialisis
2761,cirugia
2762,cirugia_ambulatoria
2763,dialisis
2764,cirugia_ambulatoria
2765,cirugia_ambulatoria
2766,intervenciones
2767,intervenciones
2768,dialisis
2769,cirugia_ambulatoria
2770,cirugia_ambulatoria
2771,cirugia
2772,dialisis
2773,cirugia
2774,cirugia_ambulatoria
2775,dialisis
2776,cirugia
2777,cirugia
2778,dialisis
2779,cirugia
2780,dialisis
2781,cirugia_ambulatoria
2782,dialisis
2783,cirugia
2784,dialisis
2785,dialisis
2786,dialisis
2787,cirugia
2788,cirugia
2789,cirugia_ambulatoria
2790,cirugia
2791,dialisis
2792,cirugia_ambulatoria
2793,intervenciones
2794,intervenciones
2795,dialisis
2796,intervenciones
2797,intervenciones
2798,cirugia_ambulatoria
2799,cirugia_ambulatoria
2800,intervenciones
2801,intervenciones
2802,cirugia_ambulatoria
2803,dialisis
2804,dialisis
2805,cirugia
2806,cirugia
2807,intervenciones
2808,intervenciones
2809,cirugia_ambulatoria
2810,dialisis
2811,cirugia
2812,cirugia
2813,cirugia_ambulatoria
2814,cirugia
2815,dialisis
2816,dialisis
2817,cirugia_ambulatoria
2818,dialisis
2819,cirugia_ambulatoria
2820,intervenciones
2821,cirugia
2822,dialisis
2823,dialisis
2824,dialisis
2825,intervenciones
2826,dialisis
2827,dialisis
2828,cirugia
2829,cirugia_ambulatoria
2830,cirugia
2831,intervenciones
2832,cirugia
2833,intervenciones
2834,intervenciones
2835,cirugia
2836,dialisis
2837,dialisis
2838,cirugia_ambulatoria
2839,cirugia
2840,cirugia_ambulatoria
2841,cirugia
2842,dialisis
2843,cirugia
2844,dialisis
2845,cirugia_ambulatoria
2846,cirugia
2847,cirugia
2848,dialisis
2849,cirugia_ambulatoria
2850,cirugia_ambulatoria
2851,cirugia_ambulatoria
2852,intervenciones
2853,cirugia_ambulatoria
2854,cirugia_ambulatoria
2855,intervenciones
2856,dialisis
2857,cirugia_ambulatoria
2858,cirugia
2859,cirugia_ambulatoria
2860,cirugia
2861,dialisis
2862,cirugia_ambulatoria
2863,dialisis
2864,cirugia_ambulatoria
2865,intervenciones
2866,cirugia_ambulatoria
2867,dialisis
2868,intervenciones
2869,dialisis
2870,cirugia_ambulatoria
2871,dialisis
2872,intervenciones
2873,intervenciones
2874,dialisis
2875,intervenciones
2876,cirugia_ambulatoria
2877,dialisis
2878,intervenciones
2879,dialisis
2880,cirugia
2881,cirugia
2882,dialisis
2883,dialisis
2884,dialisis
2885,dialisis
2886,dialisis
2887,intervenciones
2888,cirugia_ambulatoria
2889,dialisis
2890,intervenciones
2891,cirugia
2892,dialisis
2893,cirugia_ambulatoria
2894,dialisis
2895,cirugia_ambulatoria
2896,dialisis
2897,intervenciones
2898,intervenciones
2899,dialisis
2900,dialisis
2901,cirugia_ambulatoria
2902,dialisis
2903,dialisis
2904,cirugia_ambulatoria
2905,intervenciones
2906,dialisis
2907,intervenciones
2908,intervenciones
2909,cirugia_ambulatoria
2910,cirugia
2911,cirugia
2912,cirugia
2913,cirugia
2914,cirugia_ambulatoria
2915,dialisis
2916,dialisis
2917,cirugia
2918,dialisis
2919,cirugia
2920,cirugia
2921,cirugia
2922,dialisis
2923,cirugia
2924,dialisis
2925,dialisis
2926,dialisis
2927,dialisis
2928,cirugia
2929,intervenciones
2930,cirugia_ambulatoria
2931,cirugia
2932,intervenciones
2933,intervenciones
2934,dialisis
2935,intervenciones
2936,intervenciones
2937,cirugia_ambulatoria
2938,intervenciones
2939,cirugia
2940,intervenciones
2941,intervenciones
2942,cirugia
2943,dialisis
2944,cirugia_ambulatoria
2945,intervenciones
2946,intervenciones
2947,dialisis
2948,cirugia
2949,cirugia_ambulatoria
2950,intervenciones
2951,intervenciones
2952,intervenciones
2953,intervenciones
2954,dialisis
2955,intervenciones
2956,dialisis
2957,cirugia
2958,cirugia_ambulatoria
2959,dialisis
2960,intervenciones
2961,intervenciones
2962,cirugia_ambulatoria
2963,dialisis
2964,intervenciones
2965,cirugia_ambulatoria
2966,dialisis
2967,dialisis
2968,intervenciones
2969,intervenciones
2970,intervenciones
2971,intervenciones
2972,intervenciones
2973,intervenciones
2974,cirugia_ambulatoria
2975,cirugia_ambulatoria
2976,cirugia
2977,intervenciones
2978,cirugia
2979,cirugia_ambulatoria
2980,dialisis
2981,dialisis
2982,intervenciones
2983,intervenciones
2984,cirugia
2985,dialisis
2986,cirugia
2987,cirugia_ambulatoria
2988,intervenciones
2989,dialisis
2990,intervenciones
2991,cirugia
2992,intervenciones
2993,cirugia_ambulatoria
2994,dialisis
2995,cirugia_ambulatoria
2996,intervenciones
2997,cirugia
2998,intervenciones
2999,dialisis
3000,cirugia_ambulatoria
3001,intervenciones
3002,cirugia
3003,intervenciones
3004,cirugia_ambulatoria
3005,intervenciones
3006,dialisis
3007,dialisis
3008,intervenciones
3009,cirugia_ambulatoria
3010,cirugia
3011,intervenciones
3012,dialisis
3013,cirugia_ambulatoria
3014,cirugia
3015,cirugia
3016,intervenciones
3017,cirugia
3018,intervenciones
3019,dialisis
3020,intervenciones
3021,cirugia
3022,cirugia
3023,intervenciones
3024,cirugia_ambulatoria
3025,dialisis
3026,cirugia
3027,intervenciones
3028,cirugia_ambulatoria
3029,intervenciones
3030,cirugia_ambulatoria
3031,cirugia
3032,cirugia_ambulatoria
3033,cirugia_ambulatoria
3034,intervenciones
3035,cirugia_ambulatoria
3036,cirugia_ambulatoria
3037,cirugia_ambulatoria
3038,cirugia
3039,intervenciones
3040,cirugia
3041,cirugia_ambulatoria
3042,cirugia_ambulatoria
3043,cirugia
3044,cirugia
3045,cirugia
3046,cirugia
3047,dialisis
3048,cirugia
3049,dialisis
3050,cirugia
3051,intervenciones
3052,dialisis
3053,cirugia
3054,cirugia_ambulatoria
3055,cirugia_ambulatoria
3056,dialisis
3057,cirugia
3058,dialisis
3059,intervenciones
3060,cirugia
3061,cirugia
3062,cirugia
3063,dialisis
3064,dialisis
3065,cirugia
3066,cirugia
3067,dialisis
3068,cirugia_ambulatoria
3069,dialisis
3070,cirugia_ambulatoria
3071,intervenciones
3072,cirugia
3073,cirugia
3074,dialisis
3075,cirugia
3076,cirugia_ambulatoria
3077,intervenciones
3078,intervenciones
3079,dialisis
3080,dialisis
3081,cirugia
3082,dialisis
3083,cirugia
3084,cirugia
3085,cirugia
3086,intervenciones
3087,intervenciones
3088,cirugia
3089,cirugia
3090,intervenciones
3091,cirugia_ambulatoria
3092,dialisis
3093,intervenciones
3094,intervenciones
3095,cirugia_ambulatoria
3096,dialisis
3097,intervenciones
3098,dialisis
3099,cirugia
3100,intervenciones
3101,intervenciones
3102,intervenciones
3103,intervenciones
3104,cirugia
3105,intervenciones
3106,intervenciones
3107,cirugia_ambulatoria
3108,dialisis
3109,intervenciones
3110,dialisis
3111,dialisis
3112,dialisis
3113,dialisis
3114,cirugia
3115,intervenciones
3116,dialisis
3117,cirugia
3118,intervenciones
3119,intervenciones
3120,cirugia_ambulatoria
3121,cirugia_ambulatoria
3122,dialisis
3123,dialisis
3124,dialisis
3125,cirugia
3126,cirugia_ambulatoria
3127,cirugia
3128,cirugia
3129,dialisis
3130,dialisis
3131,intervenciones
3132,intervenciones
3133,intervenciones
3134,dialisis
3135,intervenciones
3136,intervenciones
3137,cirugia
3138,dialisis
3139,intervenciones
3140,cirugia_ambulatoria
3141,cirugia
3142,cirugia_ambulatoria
3143,cirugia
3144,dialisis
3145,dialisis
3146,dialisis
3147,dialisis
3148,cirugia
3149,cirugia
3150,cirugia_ambulatoria
3151,cirugia
3152,dialisis
3153,dialisis
3154,dialisis
3155,dialisis
3156,intervenciones
3157,cirugia
3158,cirugia
3159,dialisis
3160,cirugia
3161,cirugia_ambulatoria
3162,dialisis
3163,cirugia
3164,cirugia_ambulatoria
3165,cirugia_ambulatoria
3166,intervenciones
3167,intervenciones
3168,intervenciones
3169,dialisis
3170,dialisis
3171,cirugia_ambulatoria
3172,intervenciones
3173,intervenciones
3174,intervenciones
3175,intervenciones
3176,cirugia
3177,cirugia
3178,dialisis
3179,dialisis
3180,intervenciones
3181,cirugia_ambulatoria
3182,cirugia_ambulatoria
3183,cirugia
3184,cirugia_ambulatoria
3185,cirugia
3186,cirugia_ambulatoria
3187,cirugia_ambulatoria
3188,dialisis
3189,intervenciones
3190,cirugia_ambulatoria
3191,cirugia_ambulatoria
3192,dialisis
3193,intervenciones
3194,intervenciones
3195,cirugia_ambulatoria
3196,dialisis
3197,dialisis
3198,cirugia
3199,intervenciones
3200,cirugia
3201,intervenciones
3202,dialisis
3203,dialisis
3204,cirugia
3205,dialisis
3206,intervenciones
3207,cirugia_ambulatoria
3208,cirugia_ambulatoria
3209,dialisis
3210,cirugia_ambulatoria
3211,cirugia
3212,cirugia
3213,cirugia
3214,cirugia
3215,cirugia
3216,cirugia
3217,cirugia_ambulatoria
3218,intervenciones
3219,dialisis
3220,cirugia_ambulatoria
3221,cirugia_ambulatoria
3222,cirugia_ambulatoria
3223,intervenciones
3224,cirugia
3225,cirugia_ambulatoria
3226,dialisis
3227,dialisis
3228,cirugia_ambulatoria
3229,dialisis
3230,cirugia
3231,intervenciones
3232,dialisis
3233,cirugia
3234,cirugia
3235,cirugia_ambulatoria
3236,intervenciones
3237,intervenciones
3238,cirugia
3239,cirugia
3240,cirugia
3241,cirugia
3242,dialisis
3243,cirugia
3244,cirugia_ambulatoria
3245,dialisis
3246,cirugia_ambulatoria
3247,intervenciones
3248,cirugia_ambulatoria
3249,intervenciones
3250,cirugia
3251,cirugia_ambulatoria
3252,cirugia_ambulatoria
3253,intervenciones
3254,intervenciones
3255,intervenciones
3256,cirugia_ambulatoria
3257,dialisis
3258,cirugia
3259,dialisis
3260,dialisis
3261,cirugia_ambulatoria
3262,cirugia_ambulatoria
3263,dialisis
3264,intervenciones
3265,intervenciones
3266,dialisis
3267,cirugia
3268,intervenciones
3269,intervenciones
3270,intervenciones
3271,cirugia_ambulatoria
3272,intervenciones
3273,cirugia_ambulatoria
3274,intervenciones
3275,dialisis
3276,cirugia_ambulatoria
3277,intervenciones
3278,dialisis
3279,cirugia_ambulatoria
3280,cirugia
3281,intervenciones
3282,intervenciones
3283,intervenciones
3284,dialisis
3285,cirugia
3286,cirugia_ambulatoria
3287,intervenciones
3288,dialisis
3289,intervenciones
3290,intervenciones
3291,cirugia
3292,intervenciones
3293,dialisis
3294,cirugia_ambulatoria
3295,cirugia_ambulatoria
3296,intervenciones
3297,intervenciones
3298,intervenciones
3299,cirugia_ambulatoria
3300,intervenciones
3301,cirugia
3302,cirugia_ambulatoria
3303,dialisis
3304,cirugia
3305,cirugia_ambulatoria
3306,cirugia_ambulatoria
3307,dialisis
3308,cirugia
3309,cirugia_ambulatoria
3310,dialisis
3311,cirugia
3312,cirugia
3313,cirugia_ambulatoria
3314,intervenciones
3315,cirugia_ambulatoria
3316,intervenciones
3317,intervenciones
3318,cirugia_ambulatoria
3319,dialisis
3320,cirugia_ambulatoria
3321,cirugia
3322,intervenciones
3323,dialisis
3324,cirugia
3325,cirugia_ambulatoria
3326,cirugia_ambulatoria
3327,cirugia_ambulatoria
3328,dialisis
3329,cirugia
3330,dialisis
3331,intervenciones
3332,cirugia_ambulatoria
3333,cirugia
3334,dialisis
3335,intervenciones
3336,intervenciones
3337,cirugia_ambulatoria
3338,intervenciones
3339,cirugia
3340,dialisis
3341,dialisis
3342,dialisis
3343,cirugia
3344,dialisis
3345,cirugia
3346,cirugia_ambulatoria
3347,cirugia
3348,cirugia
3349,cirugia_ambulatoria
3350,dialisis
3351,intervenciones
3352,intervenciones
3353,cirugia_ambulatoria
3354,cirugia
3355,dialisis
3356,cirugia
3357,intervenciones
3358,intervenciones
3359,cirugia
3360,intervenciones
3361,dialisis
3362,dialisis
3363,cirugia_ambulatoria
3364,intervenciones
3365,dialisis
3366,intervenciones
3367,dialisis
3368,cirugia_ambulatoria
3369,dialisis
3370,intervenciones
3371,dialisis
3372,cirugia_ambulatoria
3373,cirugia_ambulatoria
3374,cirugia_ambulatoria
3375,cirugia_ambulatoria
3376,cirugia
3377,cirugia
3378,cirugia_ambulatoria
3379,dialisis
3380,intervenciones
3381,cirugia
3382,cirugia_ambulatoria
3383,dialisis
3384,cirugia_ambulatoria
3385,cirugia_ambulatoria
3386,intervenciones
3387,dialisis
3388,dialisis
3389,cirugia
3390,cirugia_ambulatoria
3391,cirugia
3392,cirugia_ambulatoria
3393,dialisis
3394,cirugia
3395,cirugia_ambulatoria
3396,cirugia_ambulatoria
3397,dialisis
3398,cirugia_ambulatoria
3399,intervenciones
3400,cirugia_ambulatoria
3401,cirugia_ambulatoria
3402,cirugia
3403,cirugia
3404,cirugia_ambulatoria
3405,cirugia
3406,intervenciones
3407,dialisis
3408,intervenciones
3409,cirugia_ambulatoria
3410,cirugia
3411,dialisis
3412,cirugia
3413,intervenciones
3414,cirugia
3415,intervenciones
3416,intervenciones
3417,cirugia
3418,intervenciones
3419,intervenciones
3420,cirugia_ambulatoria
3421,dialisis
3422,dialisis
3423,dialisis
3424,cirugia
3425,dialisis
3426,dialisis
3427,intervenciones
3428,cirugia_ambulatoria
3429,intervenciones
3430,cirugia_ambulatoria
3431,intervenciones
3432,intervenciones
3433,cirugia_ambulatoria
3434,dialisis
3435,dialisis
3436,cirugia_ambulatoria
3437,intervenciones
3438,dialisis
3439,cirugia
3440,dialisis
3441,dialisis
3442,cirugia
3443,intervenciones
3444,intervenciones
3445,dialisis
3446,dialisis
3447,cirugia_ambulatoria
3448,dialisis
3449,cirugia
3450,dialisis
3451,cirugia_ambulatoria
3452,cirugia
3453,cirugia_ambulatoria
3454,dialisis
3455,cirugia
3456,intervenciones
3457,dialisis
3458,intervenciones
3459,cirugia_ambulatoria
3460,cirugia_ambulatoria
3461,cirugia_ambulatoria
3462,intervenciones
3463,dialisis
3464,cirugia
3465,dialisis
3466,intervenciones
3467,cirugia
3468,dialisis
3469,dialisis
3470,cirugia_ambulatoria
3471,intervenciones
3472,intervenciones
3473,cirugia_ambulatoria
3474,cirugia
3475,dialisis
3476,intervenciones
3477,intervenciones
3478,intervenciones
3479,cirugia_ambulatoria
3480,cirugia_ambulatoria
3481,dialisis
3482,cirugia_ambulatoria
3483,intervenciones
3484,cirugia_ambulatoria
3485,intervenciones
3486,intervenciones
3487,dialisis
3488,cirugia_ambulatoria
3489,intervenciones
3490,cirugia
3491,cirugia_ambulatoria
3492,dialisis
3493,cirugia
3494,cirugia
3495,cirugia
3496,cirugia_ambulatoria
3497,dialisis
3498,dialisis
3499,cirugia_ambulatoria
3500,dialisis
3501,intervenciones
3502,intervenciones
3503,cirugia_ambulatoria
3504,cirugia
3505,intervenciones
3506,dialisis
3507,cirugia_ambulatoria
3508,dialisis
3509,cirugia
3510,dialisis
3511,cirugia_ambulatoria
3512,cirugia_ambulatoria
3513,dialisis
3514,cirugia_ambulatoria
3515,dialisis
3516,cirugia_ambulatoria
3517,intervenciones
3518,intervenciones
3519,cirugia
3520,cirugia
3521,intervenciones
3522,dialisis
3523,cirugia
3524,cirugia
3525,cirugia_ambulatoria
3526,cirugia
3527,cirugia_ambulatoria
3528,cirugia_ambulatoria
3529,dialisis
3530,dialisis
3531,cirugia_ambulatoria
3532,cirugia
3533,dialisis
3534,intervenciones
3535,dialisis
3536,intervenciones
3537,intervenciones
3538,cirugia_ambulatoria
3539,dialisis
3540,dialisis
3541,cirugia_ambulatoria
3542,intervenciones
3543,intervenciones
3544,cirugia_ambulatoria
3545,cirugia_ambulatoria
3546,intervenciones
3547,intervenciones
3548,intervenciones
3549,cirugia
3550,intervenciones
3551,dialisis
3552,cirugia
3553,cirugia
3554,cirugia_ambulatoria
3555,dialisis
3556,intervenciones
3557,dialisis
3558,cirugia
3559,cirugia_ambulatoria
3560,intervenciones
3561,dialisis
3562,cirugia_ambulatoria
3563,cirugia_ambulatoria
3564,intervenciones
3565,cirugia
3566,intervenciones
3567,cirugia_ambulatoria
3568,intervenciones
3569,cirugia_ambulatoria
3570,cirugia_ambulatoria
3571,cirugia
3572,cirugia_ambulatoria
3573,intervenciones
3574,cirugia_ambulatoria
3575,cirugia_ambulatoria
3576,intervenciones
3577,dialisis
3578,dialisis
3579,dialisis
3580,intervenciones
3581,cirugia
3582,cirugia
3583,cirugia
3584,cirugia_ambulatoria
3585,cirugia
3586,dialisis
3587,cirugia
3588,intervenciones
3589,intervenciones
3590,cirugia
3591,cirugia_ambulatoria
3592,cirugia_ambulatoria
3593,dialisis
3594,dialisis
3595,dialisis
3596,intervenciones
3597,cirugia
3598,cirugia
3599,dialisis
3600,intervenciones
