correo_electronico,Nombre,Num_cc,id_ips
Tana@mollis.com,Matthew Webster,1000000000,1
Kelly@tellus.gov,Mufutau Sanchez,1000000001,2
Alexander@ornare.net,Timothy Ferrell,1000000002,3
Chandler@eleifend.org,Melyssa Spears,1000000003,4
Shelly@quam.net,Emery Becker,1000000004,5
Jaquelyn@habitant.net,Gwendolyn Ray,1000000005,6
Amelia@dui.net,Kimberly Soto,1000000006,7
Kirk@sagittis.us,Camille Stafford,1000000007,8
Violet@fermentum.com,Emerson Hopkins,1000000008,9
Ocean@mollis.net,Clare Rodriguez,1000000009,10
Hakeem@lorem.com,Keith Rhodes,1000000010,11
Nina@magna.org,Nash Mendoza,1000000011,12
Gillian@tortor.com,Gillian Erickson,1000000012,13
Kristen@Aenean.gov,Channing Stokes,1000000013,14
Troy@est.gov,Chiquita Kirk,1000000014,15
Ruby@luctus.edu,Ishmael Gilbert,1000000015,16
Pearl@eros.us,Dillon Duffy,1000000016,17
Chantale@suscipit.org,Kessie Cochran,1000000017,18
Armando@adipiscing.org,Azalia Quinn,1000000018,19
Clarke@hendrerit.edu,Alyssa Holmes,1000000019,20
Orla@arcu.org,Clementine Butler,1000000020,21
Colt@in.net,Nicholas Mckee,1000000021,22
Patrick@Ut.org,Victor Quinn,1000000022,23
Ronan@mattis.net,Orlando Alexander,1000000023,24
Hilel@convallis.com,Brandon Monroe,1000000024,25
Darrel@enim.us,Uma Meadows,1000000025,26
Malachi@consequat.com,Walter Nguyen,1000000026,27
Denise@malesuada.gov,Bertha Hunter,1000000027,28
Orlando@Suspendisse.org,Erich Walker,1000000028,29
Lester@Maecenas.com,Meredith Gamble,1000000029,30
Lillith@odio.com,Amery Goodman,1000000030,31
Keely@In.gov,Hollee Nieves,1000000031,32
Alfonso@id.gov,Laurel Dominguez,1000000032,33
Teegan@Cras.us,Dorothy Mccarty,1000000033,34
Audrey@fames.org,Mari Wynn,1000000034,35
Bianca@malesuada.org,Wang Delgado,1000000035,36
Judith@interdum.org,Marvin Walls,1000000036,37
Oren@Donec.gov,Ayanna Gregory,1000000037,38
Marvin@sem.us,Chloe Fisher,1000000038,39
Hoyt@sodales.edu,Dawn Underwood,1000000039,40
Quamar@lectus.gov,Gil Marsh,1000000040,41
Owen@lobortis.gov,Tanisha Medina,1000000041,42
Demetria@varius.net,Karyn Blake,1000000042,43
Magee@urna.org,Avram Sullivan,1000000043,44
Roary@elementum.us,Montana Russo,1000000044,45
Kaitlin@euismod.edu,Mara Thornton,1000000045,46
Kylee@natoque.gov,Beatrice Pena,1000000046,47
Jason@iaculis.us,Ila King,1000000047,48
Miranda@hendrerit.gov,Jin Yates,1000000048,49
Kato@viverra.us,MacKenzie Fernandez,1000000049,50
Jayme@taciti.org,Colton Mclean,1000000050,51
Ingrid@velit.edu,Guinevere Farrell,1000000051,52
Phoebe@tristique.edu,Jennifer Shepherd,1000000052,53
Melodie@urna.us,Tanner Dixon,1000000053,54
Kennan@ante.edu,George Douglas,1000000054,55
Bradley@nostra.net,Rooney Campos,1000000055,56
Ashton@a.com,Leroy Dunn,1000000056,57
Tad@Cum.us,Leah Kaufman,1000000057,58
Margaret@blandit.us,Bianca Howell,1000000058,59
Colleen@sagittis.com,Amaya Oconnor,1000000059,60
Zeph@natoque.net,Derek Patel,1000000060,61
Keelie@sociosqu.edu,Hasad Guthrie,1000000061,62
Zeus@Mauris.com,Halee Barton,1000000062,63
Stella@ante.edu,Madeson Mcguire,1000000063,64
Lareina@conubia.org,Mark Simmons,1000000064,65
Caesar@vulputate.org,Jolie Byers,1000000065,66
Oren@Duis.com,Luke Osborne,1000000066,67
Forrest@congue.edu,Michael Avery,1000000067,68
Dillon@orci.net,Aileen Rosales,1000000068,69
Leandra@senectus.com,Ann Holland,1000000069,70
September@nulla.net,Rhonda Langley,1000000070,71
Naida@felis.us,Frances Lawrence,1000000071,72
Benjamin@natoque.com,Lavinia Gay,1000000072,73
Aretha@orci.gov,Damian Burns,1000000073,74
Grant@tortor.edu,Ignatius Montgomery,1000000074,75
Gray@nulla.gov,Adria Orr,1000000075,76
Philip@porttitor.org,Rose Garner,1000000076,77
Martin@tempus.us,Catherine Foley,1000000077,78
Berk@rhoncus.gov,Nicole Drake,1000000078,79
Ali@nisi.net,Josiah Wilkinson,1000000079,80
Zorita@ipsum.com,Byron Owen,1000000080,81
Eugenia@taciti.gov,Price Nolan,1000000081,82
Donna@sed.us,Oliver Larson,1000000082,83
Bruno@mus.org,Shellie Burnett,1000000083,84
Kim@egestas.com,Tasha Dale,1000000084,85
Athena@vitae.edu,Stewart Whitehead,1000000085,86
Philip@nibh.com,Donovan Wong,1000000086,87
Gage@porta.edu,Mufutau Stephens,1000000087,88
Britanni@mi.org,Oliver Sharpe,1000000088,89
Zahir@Morbi.edu,Pandora Spence,1000000089,90
Beatrice@dis.org,Maile Anderson,1000000090,91
Cara@ut.net,Alec Mayer,1000000091,92
Lance@elit.net,Azalia Farley,1000000092,93
Myles@elit.net,Cadman Chaney,1000000093,94
Simon@malesuada.com,Jaime Hopper,1000000094,95
Victoria@nostra.org,Aidan Winters,1000000095,96
Remedios@massa.edu,Gray Bush,1000000096,97
Orla@venenatis.net,Raphael Baxter,1000000097,98
Alvin@interdum.edu,Edward Long,1000000098,99
Aimee@scelerisque.com,Mercedes Battle,1000000099,100
Jeremy@egestas.com,Germaine Oneill,1000000100,1
Lacy@lectus.us,Sacha Young,1000000101,2
Leilani@malesuada.edu,Fay Mcgowan,1000000102,3
Honorato@Nunc.gov,Cassidy Guerra,1000000103,4
Bradley@Etiam.org,Natalie Webb,1000000104,5
Blossom@nonummy.net,Zoe Foster,1000000105,6
Merritt@aliquet.edu,Maile Quinn,1000000106,7
Noble@Nam.edu,Barry Elliott,1000000107,8
Brett@consequat.us,Madaline Reyes,1000000108,9
Georgia@augue.gov,Ethan Ortega,1000000109,10
Xavier@justo.org,Gwendolyn Carpenter,1000000110,11
Hermione@Quisque.net,Cameron Holcomb,1000000111,12
Aiko@sociosqu.us,Oscar Boone,1000000112,13
Felicia@placerat.com,Charles Calhoun,1000000113,14
Abraham@auctor.net,Rigel Hayes,1000000114,15
Quon@Phasellus.us,Chanda Ford,1000000115,16
Lucius@non.com,Allistair Cole,1000000116,17
Nina@congue.us,Cassandra Paul,1000000117,18
MacKenzie@imperdiet.edu,Miranda Young,1000000118,19
Aristotle@facilisi.com,Hayden Chen,1000000119,20
Felicia@lacus.net,Dieter Mullins,1000000120,21
Angela@Proin.edu,Todd Juarez,1000000121,22
Aquila@elit.com,Ora Wade,1000000122,23
Melinda@natoque.com,Kai Ewing,1000000123,24
Kyle@primis.net,Alan Berry,1000000124,25
Hanae@vulputate.gov,Candice Randolph,1000000125,26
Katell@viverra.edu,Lee Morrow,1000000126,27
Hiroko@aliquam.us,Travis Hays,1000000127,28
Grady@sapien.org,Hyatt Fischer,1000000128,29
Ramona@Cum.org,Bradley Myers,1000000129,30
Shelley@augue.com,Galena Sampson,1000000130,31
Karleigh@Class.org,Vivien Finley,1000000131,32
Cody@a.us,Evan Dodson,1000000132,33
Amity@luctus.net,Myles Stephens,1000000133,34
Barclay@sed.edu,Shelly Bradshaw,1000000134,35
Baxter@velit.us,Oliver Vang,1000000135,36
Upton@eu.edu,Timon Blake,1000000136,37
Marah@sagittis.org,Graham Lloyd,1000000137,38
Curran@Ut.us,Basil Williams,1000000138,39
Aquila@pellentesque.net,Nolan Hebert,1000000139,40
Justin@Morbi.net,Jerry Joyce,1000000140,41
Ava@hymenaeos.org,Brenna Hayes,1000000141,42
May@netus.us,Fredericka Ingram,1000000142,43
Bree@est.com,Nehru Holland,1000000143,44
Fulton@senectus.org,Cullen Roberts,1000000144,45
Philip@nonummy.gov,Odessa Paul,1000000145,46
Myra@Suspendisse.gov,Cherokee Richard,1000000146,47
Lacy@sapien.com,Xantha Dorsey,1000000147,48
Barry@venenatis.org,Macy Jordan,1000000148,49
Bree@eros.org,Myles Kennedy,1000000149,50
Tyrone@nascetur.net,Deirdre Greer,1000000150,51
Dacey@Cum.org,Amber Doyle,1000000151,52
Azalia@purus.gov,Mufutau Schroeder,1000000152,53
Chandler@tempus.us,Jacob Walls,1000000153,54
Jessica@Vivamus.us,Rafael Guthrie,1000000154,55
Eaton@Class.net,Edan Brewer,1000000155,56
Jaden@metus.us,Paloma Castro,1000000156,57
Rowan@inceptos.net,Aristotle Jacobson,1000000157,58
Alexis@convallis.org,Nash Wells,1000000158,59
Ainsley@nostra.edu,Linus Nichols,1000000159,60
Quintessa@purus.us,Patrick Talley,1000000160,61
Renee@arcu.org,Arthur Hurley,1000000161,62
Justin@nec.org,Richard Kramer,1000000162,63
Leroy@iaculis.gov,Colt Blankenship,1000000163,64
Reece@odio.us,Ian Eaton,1000000164,65
Elaine@diam.edu,Bruce Rivers,1000000165,66
Nathan@lobortis.gov,Hop Chambers,1000000166,67
Constance@commodo.edu,Yael Cervantes,1000000167,68
Libby@turpis.edu,John Kelley,1000000168,69
May@vestibulum.org,Xyla Bolton,1000000169,70
Deborah@molestie.us,Mariko Gibbs,1000000170,71
Heidi@Duis.us,Linus Patterson,1000000171,72
Amal@molestie.gov,Elmo Knowles,1000000172,73
Austin@nunc.com,Yoshi Clay,1000000173,74
Helen@nunc.gov,Priscilla Goodwin,1000000174,75
Moses@nostra.us,Louis Castillo,1000000175,76
Alma@velit.com,Hope Moon,1000000176,77
Rooney@metus.net,Jade Olson,1000000177,78
Samuel@nibh.org,Erasmus Moses,1000000178,79
Herrod@Vivamus.edu,Justine Stein,1000000179,80
Lewis@nisl.edu,Lavinia Powers,1000000180,81
Barclay@aptent.edu,Octavia Cummings,1000000181,82
Barrett@Duis.net,Ivor Norton,1000000182,83
Roanna@Aliquam.org,Quyn Good,1000000183,84
Audrey@accumsan.com,Erica Harmon,1000000184,85
Hedwig@fringilla.com,Lacy Donaldson,1000000185,86
Peter@parturient.edu,Nelle Perez,1000000186,87
Merrill@orci.us,Simon Garrison,1000000187,88
Rinah@eleifend.edu,Maisie Brock,1000000188,89
Remedios@lectus.us,Wyatt Bass,1000000189,90
Tanek@ultricies.org,Allistair Small,1000000190,91
Hilel@mi.us,Alexander Avila,1000000191,92
Fredericka@vehicula.edu,Burton Haley,1000000192,93
Harlan@eleifend.com,Ashton Cash,1000000193,94
Curran@congue.us,Medge Reid,1000000194,95
Anjolie@ullamcorper.net,Ruby Berger,1000000195,96
Sheila@sociosqu.us,Allegra Case,1000000196,97
Vladimir@viverra.us,Yetta Murray,1000000197,98
Seth@sollicitudin.org,Darryl Walker,1000000198,99
Vance@sapien.gov,Malachi Cameron,1000000199,100
Dalton@lacus.edu,Keefe Duran,1000000200,1
Imani@lorem.edu,Brenna Wright,1000000201,2
Moses@placerat.edu,Sybil Bowman,1000000202,3
Duncan@Cum.com,Moses Gentry,1000000203,4
Akeem@tempor.org,Robin Lester,1000000204,5
Melissa@mi.net,Seth Hendricks,1000000205,6
Wing@quis.edu,Suki Church,1000000206,7
Maris@erat.edu,Jescie Flores,1000000207,8
Hadley@lacus.org,Amy Christian,1000000208,9
Alexa@ad.gov,Kaitlin Pruitt,1000000209,10
Ariel@nec.us,Wang Combs,1000000210,11
Hillary@litora.org,Rowan Bond,1000000211,12
Ora@scelerisque.org,Connor Whitfield,1000000212,13
Drew@nostra.us,Darrel Cote,1000000213,14
Jaime@egestas.com,Colby Wade,1000000214,15
Ulla@volutpat.net,Chelsea Gibson,1000000215,16
Stone@orci.com,Tamekah Medina,1000000216,17
Bradley@felis.edu,Sonya Ayala,1000000217,18
Jada@nostra.gov,Price Mendoza,1000000218,19
Griffin@iaculis.gov,Ethan Gould,1000000219,20
Madaline@cubilia.org,Peter Rowe,1000000220,21
Abdul@tortor.gov,Brody Sykes,1000000221,22
Philip@laoreet.org,Veda Lewis,1000000222,23
Jamal@Cras.edu,Ginger Barton,1000000223,24
Sybill@tempor.gov,Iris Burns,1000000224,25
Thor@dapibus.net,Patience Swanson,1000000225,26
Myles@per.us,Kennedy Trujillo,1000000226,27
Amelia@id.us,Yael Herman,1000000227,28
Dara@tellus.net,Aristotle Nolan,1000000228,29
Kelly@Duis.edu,Ivy Snider,1000000229,30
Hasad@mauris.us,Chandler Larsen,1000000230,31
Tanek@convallis.us,Mark Estrada,1000000231,32
Isaac@nisi.us,Rose Goff,1000000232,33
Helen@nostra.edu,Stephanie Black,1000000233,34
Shoshana@imperdiet.com,Virginia Massey,1000000234,35
Kenneth@Maecenas.org,Karina Mccall,1000000235,36
Petra@mi.edu,Donna Owen,1000000236,37
Linus@posuere.edu,Echo Gomez,1000000237,38
Iola@Etiam.gov,John Barnes,1000000238,39
Hiram@Maecenas.us,Sonya Atkinson,1000000239,40
Ivy@arcu.net,Celeste Pollard,1000000240,41
Jin@dui.com,Petra Cash,1000000241,42
Zachary@volutpat.com,Tanner Crawford,1000000242,43
Zahir@dapibus.net,Tad Stokes,1000000243,44
Devin@viverra.net,Glenna Bradford,1000000244,45
Blake@eros.edu,Odysseus Lynch,1000000245,46
Ima@gravida.net,Inga Livingston,1000000246,47
Gretchen@pharetra.edu,Tamara Morin,1000000247,48
Jakeem@tempor.gov,Rashad Preston,1000000248,49
Freya@congue.us,Carl Marquez,1000000249,50
Zenaida@tincidunt.gov,Omar Preston,1000000250,51
Todd@euismod.net,Justine Nelson,1000000251,52
Harrison@a.org,Justin Tran,1000000252,53
Ignacia@elementum.net,Jamalia Pitts,1000000253,54
Hammett@mi.net,Jaime Davis,1000000254,55
Wylie@blandit.org,Maggy Simmons,1000000255,56
Iris@purus.com,Martena Key,1000000256,57
Karen@mus.com,Aaron Martinez,1000000257,58
Edward@aliquet.com,Carol Cunningham,1000000258,59
Chaney@quam.net,Belle Caldwell,1000000259,60
Gavin@sagittis.us,Travis Frank,1000000260,61
Caleb@eros.edu,Ciara Kaufman,1000000261,62
Justin@Vestibulum.org,Cairo Kinney,1000000262,63
Fuller@ornare.us,Philip Rosales,1000000263,64
Samuel@consectetuer.edu,Bernard Walsh,1000000264,65
Teegan@augue.us,Chancellor House,1000000265,66
Jane@erat.com,Regan Serrano,1000000266,67
Clinton@Aliquam.org,Charissa Montoya,1000000267,68
Adam@morbi.net,Lawrence Franklin,1000000268,69
Blaze@rhoncus.com,Hayes Morris,1000000269,70
Orla@ullamcorper.org,Burton Byers,1000000270,71
Timothy@Fusce.com,Oscar Johnston,1000000271,72
Laura@consectetuer.us,Gay Lawrence,1000000272,73
Jermaine@pellentesque.com,Fulton Ellis,1000000273,74
Stone@ornare.edu,Ocean Sanders,1000000274,75
Claire@viverra.net,Levi Burris,1000000275,76
Drew@porta.net,Sylvester Craft,1000000276,77
Clementine@bibendum.gov,Blake Case,1000000277,78
Gabriel@suscipit.gov,Kane Stafford,1000000278,79
Kane@varius.net,Isaiah Mccullough,1000000279,80
Wylie@mi.org,Devin Gomez,1000000280,81
Darrel@Aenean.com,Bernard Mcdonald,1000000281,82
Rhoda@dignissim.net,Katell Lindsey,1000000282,83
Carla@lorem.net,Paki Meyer,1000000283,84
Wade@bibendum.us,Maxwell Goodwin,1000000284,85
Kenneth@iaculis.us,Jana Hurst,1000000285,86
Fuller@ac.com,Ryan Gould,1000000286,87
Eagan@eu.com,Marah Tran,1000000287,88
Helen@venenatis.net,Summer Farmer,1000000288,89
Zachary@eget.net,Damian Lindsay,1000000289,90
Magee@sed.com,Charlotte Wells,1000000290,91
Finn@In.net,Felicia Howell,1000000291,92
Vivian@litora.com,Talon Mcintyre,1000000292,93
Jade@nibh.com,Xena Sherman,1000000293,94
Luke@sodales.edu,Cain Johnston,1000000294,95
Vance@fames.edu,Cally Rivers,1000000295,96
Claudia@augue.gov,Regina Cohen,1000000296,97
Samson@sed.org,Kessie Hays,1000000297,98
Orli@sociosqu.com,Robin Caldwell,1000000298,99
Susan@magna.com,Oren Blevins,1000000299,100
