id,tipo_terapia
1,consectetuer
2,aliquet
3,porta
4,vestibulum
5,mauris
6,nibh
7,adipiscing
8,lorem
9,nec
10,odio
11,Maecenas
12,congue
13,metus
14,Curabitur
15,condimentum
16,Maecenas
17,In
18,tristique
19,nonummy
20,ultrices
21,adipiscing
22,adipiscing
23,tempus
24,quis
25,ad
26,pede
27,dolor
28,pulvinar
29,cubilia
30,per
31,dui
32,Curabitur
33,convallis
34,mauris
35,nostra
36,condimentum
37,magnis
38,Cras
39,vehicula
40,In
41,velit
42,sit
43,accumsan
44,consequat
45,fames
46,placerat
47,Class
48,est
49,hendrerit
50,Ut
51,bibendum
52,metus
53,nascetur
54,quam
55,Aliquam
56,sapien
57,convallis
58,taciti
59,amet
60,nisi
61,posuere
62,dignissim
63,montes
64,lacus
65,ipsum
66,odio
67,Proin
68,montes
69,inceptos
70,gravida
71,ultricies
72,ridiculus
73,facilisis
74,sapien
75,litora
76,Mauris
77,scelerisque
78,erat
79,velit
80,euismod
81,nisl
82,Suspendisse
83,penatibus
84,interdum
85,sagittis
86,tincidunt
87,Mauris
88,nibh
89,tempor
90,taciti
91,a
92,lacinia
93,volutpat
94,facilisis
95,quis
96,pharetra
97,aliquet
98,morbi
99,laoreet
100,vel
101,metus
102,ac
103,congue
104,magnis
105,Mauris
106,bibendum
107,et
108,Sed
109,malesuada
110,morbi
111,mi
112,hymenaeos
113,lectus
114,placerat
115,bibendum
116,blandit
117,vehicula
118,hendrerit
119,taciti
120,fermentum
121,convallis
122,Sed
123,nunc
124,vehicula
125,ante
126,cursus
127,interdum
128,natoque
129,dictum
130,venenatis
131,eros
132,erat
133,Quisque
134,vel
135,parturient
136,facilisi
137,egestas
138,quam
139,a
140,diam
141,elementum
142,parturient
143,ante
144,non
145,vestibulum
146,augue
147,Duis
148,tortor
149,Nulla
150,Etiam
151,nunc
152,parturient
153,convallis
154,dignissim
155,Nunc
156,iaculis
157,libero
158,Nunc
159,vel
160,eleifend
161,lacinia
162,dis
163,Aenean
164,malesuada
165,facilisi
166,sem
167,pede
168,pretium
169,iaculis
170,facilisi
171,mi
172,eleifend
173,sapien
174,gravida
175,pellentesque
176,Phasellus
177,ridiculus
178,Maecenas
179,mauris
180,mattis
181,tortor
182,iaculis
183,ipsum
184,in
185,nunc
186,facilisi
187,et
188,lorem
189,Sed
190,Sed
191,elit
192,non
193,nascetur
194,accumsan
195,purus
196,taciti
197,sociosqu
198,dictum
199,sociis
200,iaculis
201,Cum
202,ultrices
203,Vestibulum
204,Curabitur
205,pede
206,luctus
207,varius
208,euismod
209,sociosqu
210,lorem
211,aliquam
212,ultricies
213,fermentum
214,Vestibulum
215,magna
216,mauris
217,vitae
218,imperdiet
219,commodo
220,dolor
221,consequat
222,tempor
223,venenatis
224,pellentesque
225,justo
226,tempor
227,odio
228,enim
229,Proin
230,elementum
231,varius
232,non
233,gravida
234,felis
235,tincidunt
236,ridiculus
237,Ut
238,Suspendisse
239,ac
240,Nullam
241,sociosqu
242,Suspendisse
243,dapibus
244,eget
245,sagittis
246,pede
247,lorem
248,imperdiet
249,fringilla
250,Vivamus
251,nascetur
252,lacinia
253,non
254,Etiam
255,gravida
256,erat
257,interdum
258,ridiculus
259,Cras
260,est
261,non
262,nisl
263,Fusce
264,morbi
265,diam
266,convallis
267,est
268,senectus
269,netus
270,non
271,mollis
272,taciti
273,nulla
274,mollis
275,ornare
276,purus
277,Mauris
278,Aliquam
279,morbi
280,ridiculus
281,Pellentesque
282,eleifend
283,Curae
284,montes
285,hendrerit
286,sociosqu
287,sapien
288,mattis
289,nibh
290,pede
291,sollicitudin
292,ultricies
293,porta
294,tortor
295,et
296,nunc
297,magna
298,dis
299,Praesent
300,lacinia
301,sagittis
302,ultricies
303,Pellentesque
304,hymenaeos
305,elit
306,primis
307,feugiat
308,bibendum
309,dapibus
310,per
311,sit
312,eleifend
313,dui
314,Nam
315,mus
316,sociosqu
317,ligula
318,aptent
319,quis
320,et
321,interdum
322,Donec
323,sodales
324,Curae
325,Nulla
326,fermentum
327,congue
328,at
329,euismod
330,massa
331,nunc
332,odio
333,lectus
334,gravida
335,auctor
336,inceptos
337,Quisque
338,amet
339,iaculis
340,quam
341,mollis
342,vulputate
343,viverra
344,erat
345,tellus
346,parturient
347,dis
348,ante
349,dictum
350,Lorem
351,leo
352,tempus
353,pretium
354,lobortis
355,eget
356,neque
357,mollis
358,metus
359,varius
360,Vivamus
361,nonummy
362,auctor
363,Vivamus
364,montes
365,luctus
366,luctus
367,Ut
368,ultricies
369,nunc
370,Praesent
371,neque
372,nulla
373,Duis
374,taciti
375,torquent
376,viverra
377,enim
378,senectus
379,nulla
380,Quisque
381,varius
382,ad
383,dictum
384,fermentum
385,fringilla
386,aliquet
387,suscipit
388,enim
389,facilisi
390,sagittis
391,luctus
392,vulputate
393,Nullam
394,pulvinar
395,morbi
396,vehicula
397,consectetuer
398,lorem
399,fames
400,In
401,vulputate
402,Nullam
403,blandit
404,magna
405,dui
406,mollis
407,dapibus
408,Donec
409,lobortis
410,eleifend
411,primis
412,luctus
413,commodo
414,conubia
415,ipsum
416,eleifend
417,dis
418,tincidunt
419,Sed
420,fames
421,sit
422,suscipit
423,ornare
424,amet
425,Vivamus
426,pede
427,metus
428,nulla
429,malesuada
430,Proin
431,mattis
432,in
433,ullamcorper
434,laoreet
435,ridiculus
436,faucibus
437,consectetuer
438,lacus
439,est
440,varius
441,lobortis
442,ullamcorper
443,vitae
444,luctus
445,cubilia
446,ullamcorper
447,lobortis
448,pharetra
449,pellentesque
450,sagittis
451,fringilla
452,ad
453,eget
454,fringilla
455,ut
456,tempor
457,feugiat
458,nunc
459,dictum
460,accumsan
461,rutrum
462,magna
463,lorem
464,congue
465,aptent
466,morbi
467,gravida
468,sociis
469,vel
470,morbi
471,sem
472,mattis
473,egestas
474,Curae
475,non
476,iaculis
477,suscipit
478,sollicitudin
479,eros
480,Aenean
481,nostra
482,hymenaeos
483,imperdiet
484,convallis
485,tincidunt
486,Donec
487,Lorem
488,pellentesque
489,hendrerit
490,Praesent
491,pellentesque
492,sociis
493,Duis
494,Suspendisse
495,dictum
496,id
497,primis
498,dignissim
499,sociis
500,blandit
501,congue
502,consectetuer
503,cubilia
504,quam
505,eros
506,Cras
507,Curae
508,augue
509,Maecenas
510,Etiam
511,Morbi
512,felis
513,Proin
514,sem
515,tincidunt
516,venenatis
517,feugiat
518,amet
519,pharetra
520,Quisque
521,erat
522,Class
523,at
524,quam
525,eros
526,massa
527,ad
528,ipsum
529,pellentesque
530,habitant
531,suscipit
532,Quisque
533,congue
534,iaculis
535,erat
536,consectetuer
537,sodales
538,non
539,Donec
540,gravida
541,ullamcorper
542,dis
543,dapibus
544,venenatis
545,congue
546,magnis
547,viverra
548,viverra
549,congue
550,enim
551,dapibus
552,Vestibulum
553,mattis
554,gravida
555,Phasellus
556,Quisque
557,condimentum
558,Donec
559,rutrum
560,Curae
561,aliquam
562,sagittis
563,nisi
564,tristique
565,mauris
566,bibendum
567,vehicula
568,purus
569,primis
570,montes
571,elit
572,ipsum
573,posuere
574,nostra
575,Nullam
576,Ut
577,penatibus
578,ac
579,Nam
580,ipsum
581,Praesent
582,ultrices
583,pellentesque
584,Etiam
585,quam
586,aliquet
587,cursus
588,venenatis
589,commodo
590,Vivamus
591,ullamcorper
592,convallis
593,at
594,lobortis
595,gravida
596,risus
597,sem
598,mattis
599,hendrerit
600,Nunc
601,Fusce
602,Nulla
603,fringilla
604,Donec
605,a
606,ante
607,consectetuer
608,Duis
609,consectetuer
610,porttitor
611,odio
612,lorem
613,Etiam
614,molestie
615,fringilla
616,vestibulum
617,imperdiet
618,nostra
619,Lorem
620,ultricies
621,Fusce
622,tincidunt
623,urna
624,sapien
625,litora
626,odio
627,ultrices
628,Pellentesque
629,ad
630,felis
631,justo
632,vulputate
633,mauris
634,blandit
635,fames
636,convallis
637,sollicitudin
638,tristique
639,dui
640,scelerisque
641,tincidunt
642,penatibus
643,per
644,ornare
645,auctor
646,sapien
647,in
648,euismod
649,congue
650,ipsum
651,purus
652,sed
653,adipiscing
654,mi
655,consequat
656,urna
657,elit
658,pellentesque
659,mauris
660,nunc
661,Curabitur
662,non
663,sit
664,dapibus
665,Etiam
666,aliquam
667,nulla
668,dis
669,a
670,vitae
671,adipiscing
672,mi
673,rhoncus
674,Aliquam
675,quam
676,egestas
677,Nunc
678,per
679,Fusce
680,eros
681,tortor
682,enim
683,torquent
684,montes
685,erat
686,vulputate
687,orci
688,venenatis
689,arcu
690,congue
691,montes
692,pretium
693,tortor
694,Nulla
695,luctus
696,amet
697,Nam
698,mattis
699,purus
700,massa
701,tempus
702,ad
703,iaculis
704,ultrices
705,nostra
706,at
707,hymenaeos
708,ornare
709,ut
710,pulvinar
711,eget
712,tempus
713,netus
714,nulla
715,enim
716,justo
717,iaculis
718,risus
719,pellentesque
720,cursus
721,lacus
722,ipsum
723,inceptos
724,id
725,porta
726,netus
727,Fusce
728,lobortis
729,condimentum
730,velit
731,commodo
732,fames
733,lorem
734,fringilla
735,nisi
736,porttitor
737,tortor
738,iaculis
739,Cum
740,sapien
741,Cras
742,elit
743,nunc
744,porta
745,sed
746,Nulla
747,mi
748,auctor
749,euismod
750,Pellentesque
751,neque
752,vehicula
753,pellentesque
754,feugiat
755,Etiam
756,habitant
757,Integer
758,vel
759,dolor
760,aliquam
761,Cum
762,Mauris
763,Curae
764,dapibus
765,aliquam
766,ad
767,sem
768,posuere
769,purus
770,Aliquam
771,rhoncus
772,tristique
773,Curae
774,mollis
775,Aenean
776,pulvinar
777,suscipit
778,odio
779,parturient
780,amet
781,aptent
782,dolor
783,quam
784,Class
785,massa
786,ligula
787,odio
788,vel
789,Vivamus
790,Pellentesque
791,Sed
792,quam
793,Vestibulum
794,lectus
795,ante
796,id
797,taciti
798,velit
799,lobortis
800,suscipit
801,dis
802,penatibus
803,lacinia
804,malesuada
805,bibendum
806,enim
807,pellentesque
808,viverra
809,vitae
810,magnis
811,ultricies
812,molestie
813,primis
814,Praesent
815,bibendum
816,Suspendisse
817,odio
818,Fusce
819,pharetra
820,elit
821,justo
822,conubia
823,Curae
824,Morbi
825,adipiscing
826,convallis
827,ad
828,Curae
829,elit
830,neque
831,scelerisque
832,litora
833,enim
834,Praesent
835,fames
836,auctor
837,placerat
838,parturient
839,commodo
840,conubia
841,diam
842,nascetur
843,sociosqu
844,consectetuer
845,mauris
846,lacinia
847,eget
848,natoque
849,tellus
850,tellus
851,primis
852,elementum
853,metus
854,bibendum
855,ultrices
856,sociosqu
857,rhoncus
858,torquent
859,sagittis
860,aliquet
861,dictum
862,consectetuer
863,elit
864,elit
865,turpis
866,nascetur
867,litora
868,at
869,vel
870,metus
871,viverra
872,orci
873,eleifend
874,lobortis
875,Maecenas
876,ullamcorper
877,fringilla
878,facilisis
879,mi
880,velit
881,sollicitudin
882,sociis
883,vel
884,massa
885,massa
886,velit
887,porta
888,sem
889,pede
890,quis
891,sociis
892,litora
893,Vivamus
894,elementum
895,Curabitur
896,ad
897,placerat
898,Maecenas
899,scelerisque
900,vitae
901,nascetur
902,vulputate
903,Class
904,Aliquam
905,tempor
906,porttitor
907,In
908,arcu
909,semper
910,vel
911,lacus
912,sapien
913,mauris
914,vel
915,purus
916,porta
917,In
918,Maecenas
919,dui
920,Duis
921,lacinia
922,Nulla
923,morbi
924,a
925,fringilla
926,ad
927,Etiam
928,semper
929,Lorem
930,iaculis
931,diam
932,facilisi
933,Fusce
934,hymenaeos
935,quis
936,vulputate
937,natoque
938,metus
939,per
940,porttitor
941,Nullam
942,a
943,sed
944,eleifend
945,pretium
946,nascetur
947,Integer
948,egestas
949,adipiscing
950,Cras
951,pulvinar
952,nostra
953,inceptos
954,fermentum
955,ut
956,Donec
957,ut
958,sed
959,facilisis
960,ligula
961,ut
962,fames
963,rutrum
964,ultrices
965,mollis
966,rutrum
967,Duis
968,orci
969,mus
970,vitae
971,Curae
972,ad
973,vehicula
974,amet
975,dictum
976,Pellentesque
977,ad
978,sit
979,Cras
980,scelerisque
981,cubilia
982,gravida
983,ipsum
984,lectus
985,Aenean
986,Class
987,neque
988,porta
989,viverra
990,velit
991,euismod
992,luctus
993,semper
994,nostra
995,dapibus
996,ultricies
997,morbi
998,id
999,Integer
1000,scelerisque
1001,malesuada
1002,elit
1003,purus
1004,Proin
1005,In
1006,porta
1007,aliquam
1008,ante
1009,Lorem
1010,pretium
1011,inceptos
1012,Ut
1013,per
1014,nascetur
1015,vel
1016,eu
1017,facilisi
1018,penatibus
1019,ornare
1020,Vestibulum
1021,Sed
1022,ante
1023,Curae
1024,Cras
1025,ligula
1026,bibendum
1027,libero
1028,elit
1029,ridiculus
1030,commodo
1031,dolor
1032,conubia
1033,pede
1034,senectus
1035,ac
1036,turpis
1037,Morbi
1038,vel
1039,lacus
1040,metus
1041,Cras
1042,Curae
1043,fringilla
1044,lorem
1045,montes
1046,Praesent
1047,taciti
1048,feugiat
1049,cursus
1050,molestie
1051,Phasellus
1052,diam
1053,nostra
1054,euismod
1055,non
1056,porta
1057,nibh
1058,sed
1059,massa
1060,ipsum
1061,sem
1062,Praesent
1063,lorem
1064,velit
1065,ullamcorper
1066,sapien
1067,lacinia
1068,sed
1069,erat
1070,non
1071,mus
1072,lectus
1073,ad
1074,In
1075,ipsum
1076,molestie
1077,sociosqu
1078,penatibus
1079,Donec
1080,lacus
1081,Suspendisse
1082,aliquam
1083,Curae
1084,Phasellus
1085,penatibus
1086,placerat
1087,tempor
1088,mollis
1089,non
1090,morbi
1091,Cras
1092,sem
1093,hymenaeos
1094,penatibus
1095,montes
1096,Ut
1097,semper
1098,Nullam
1099,pretium
1100,Etiam
1101,sollicitudin
1102,vitae
1103,montes
1104,luctus
1105,sit
1106,rutrum
1107,semper
1108,mus
1109,viverra
1110,Aenean
1111,laoreet
1112,felis
1113,taciti
1114,scelerisque
1115,ridiculus
1116,Vestibulum
1117,Quisque
1118,senectus
1119,mi
1120,purus
1121,torquent
1122,quam
1123,at
1124,venenatis
1125,volutpat
1126,turpis
1127,lacus
1128,orci
1129,leo
1130,hymenaeos
1131,felis
1132,at
1133,nonummy
1134,Phasellus
1135,luctus
1136,In
1137,interdum
1138,vel
1139,fringilla
1140,rutrum
1141,faucibus
1142,Quisque
1143,venenatis
1144,Cum
1145,morbi
1146,diam
1147,iaculis
1148,vehicula
1149,bibendum
1150,dis
1151,eleifend
1152,Curabitur
1153,et
1154,erat
1155,Nam
1156,auctor
1157,commodo
1158,lorem
1159,libero
1160,adipiscing
1161,Mauris
1162,imperdiet
1163,parturient
1164,risus
1165,sed
1166,Class
1167,torquent
1168,non
1169,aliquam
1170,nunc
1171,vehicula
1172,Nullam
1173,lacinia
1174,mattis
1175,felis
1176,molestie
1177,morbi
1178,justo
1179,condimentum
1180,imperdiet
1181,condimentum
1182,augue
1183,nostra
1184,pellentesque
1185,adipiscing
1186,gravida
1187,nec
1188,velit
1189,nisl
1190,primis
1191,Curae
1192,Quisque
1193,enim
1194,condimentum
1195,adipiscing
1196,sociis
1197,in
1198,pede
1199,Nulla
1200,at
1201,montes
1202,gravida
1203,suscipit
1204,Vestibulum
1205,molestie
1206,pulvinar
1207,magnis
1208,auctor
1209,ornare
1210,Sed
1211,velit
1212,rhoncus
1213,a
1214,nisi
1215,facilisi
1216,magnis
1217,parturient
1218,dignissim
1219,litora
1220,nascetur
1221,tempor
1222,Class
1223,penatibus
1224,non
1225,Aliquam
1226,turpis
1227,penatibus
1228,gravida
1229,massa
1230,elit
1231,et
1232,in
1233,nascetur
1234,facilisis
1235,Vestibulum
1236,porta
1237,erat
1238,Aliquam
1239,Curae
1240,venenatis
1241,parturient
1242,sed
1243,scelerisque
1244,odio
1245,Fusce
1246,sed
1247,mi
1248,mattis
1249,mus
1250,senectus
1251,quam
1252,aptent
1253,nec
1254,felis
1255,leo
1256,pede
1257,nisi
1258,quis
1259,dapibus
1260,torquent
1261,porttitor
1262,aliquet
1263,suscipit
1264,tempus
1265,luctus
1266,dui
1267,dapibus
1268,aliquet
1269,vel
1270,eros
1271,sodales
1272,inceptos
1273,aliquam
1274,nisl
1275,adipiscing
1276,auctor
1277,Mauris
1278,amet
1279,euismod
1280,Donec
1281,nostra
1282,ipsum
1283,egestas
1284,elementum
1285,Vestibulum
1286,iaculis
1287,penatibus
1288,lorem
1289,Vestibulum
1290,volutpat
1291,montes
1292,viverra
1293,vel
1294,consequat
1295,malesuada
1296,Proin
1297,mus
1298,mollis
1299,sodales
1300,commodo
1301,ut
1302,natoque
1303,senectus
1304,Fusce
1305,Vivamus
1306,Nulla
1307,nostra
1308,congue
1309,a
1310,nonummy
1311,tincidunt
1312,justo
1313,diam
1314,sodales
1315,sit
1316,erat
1317,blandit
1318,Nulla
1319,sem
1320,adipiscing
1321,netus
1322,urna
1323,condimentum
1324,ac
1325,montes
1326,augue
1327,egestas
1328,tellus
1329,leo
1330,fames
1331,nonummy
1332,malesuada
1333,metus
1334,Nunc
1335,lacinia
1336,fermentum
1337,malesuada
1338,dictum
1339,nulla
1340,nunc
1341,congue
1342,scelerisque
1343,vitae
1344,Fusce
1345,vitae
1346,metus
1347,eleifend
1348,eleifend
1349,mi
1350,parturient
1351,litora
1352,Lorem
1353,varius
1354,condimentum
1355,Maecenas
1356,cursus
1357,eleifend
1358,cubilia
1359,dui
1360,lobortis
1361,pharetra
1362,ligula
1363,Duis
1364,sapien
1365,rutrum
1366,nulla
1367,habitant
1368,Curabitur
1369,pellentesque
1370,ante
1371,non
1372,dapibus
1373,nibh
1374,auctor
1375,natoque
1376,sed
1377,mollis
1378,mus
1379,bibendum
1380,metus
1381,parturient
1382,pellentesque
1383,Fusce
1384,in
1385,primis
1386,leo
1387,senectus
1388,Suspendisse
1389,diam
1390,cubilia
1391,lorem
1392,pede
1393,cubilia
1394,enim
1395,pharetra
1396,dis
1397,pharetra
1398,consectetuer
1399,eget
1400,euismod
1401,Proin
1402,lobortis
1403,dui
1404,augue
1405,morbi
1406,hymenaeos
1407,placerat
1408,lorem
1409,commodo
1410,sodales
1411,faucibus
1412,placerat
1413,ad
1414,Nulla
1415,nonummy
1416,conubia
1417,dapibus
1418,Donec
1419,natoque
1420,Lorem
1421,porttitor
1422,justo
1423,ipsum
1424,id
1425,congue
1426,Maecenas
1427,viverra
1428,quis
1429,aliquet
1430,tempus
1431,parturient
1432,conubia
1433,cubilia
1434,nisi
1435,euismod
1436,fringilla
1437,aliquet
1438,per
1439,nunc
1440,euismod
1441,Nullam
1442,tellus
1443,feugiat
1444,natoque
1445,pede
1446,fermentum
1447,ullamcorper
1448,Praesent
1449,Donec
1450,taciti
1451,accumsan
1452,Fusce
1453,aliquam
1454,posuere
1455,Maecenas
1456,eleifend
1457,tortor
1458,Aenean
1459,mus
1460,consectetuer
1461,porttitor
1462,ullamcorper
1463,euismod
1464,placerat
1465,fermentum
1466,est
1467,adipiscing
1468,dignissim
1469,accumsan
1470,sed
1471,quis
1472,rhoncus
1473,pede
1474,Morbi
1475,per
1476,sapien
1477,hymenaeos
1478,rhoncus
1479,Duis
1480,sit
1481,mattis
1482,urna
1483,Nam
1484,auctor
1485,Vestibulum
1486,ultrices
1487,consectetuer
1488,Fusce
1489,ornare
1490,cursus
1491,Maecenas
1492,non
1493,adipiscing
1494,aliquet
1495,pellentesque
1496,adipiscing
1497,purus
1498,nulla
1499,sit
1500,nibh
1501,suscipit
1502,conubia
1503,bibendum
1504,dapibus
1505,et
1506,montes
1507,vel
1508,sollicitudin
1509,Cras
1510,accumsan
1511,sit
1512,volutpat
1513,ridiculus
1514,mauris
1515,tellus
1516,viverra
1517,Aliquam
1518,pellentesque
1519,senectus
1520,odio
1521,Nam
1522,sit
1523,volutpat
1524,aliquam
1525,porttitor
1526,tempor
1527,pretium
1528,nec
1529,dolor
1530,magna
1531,bibendum
1532,ornare
1533,malesuada
1534,nostra
1535,viverra
1536,amet
1537,scelerisque
1538,venenatis
1539,lectus
1540,diam
1541,nibh
1542,Ut
1543,fringilla
1544,amet
1545,non
1546,mi
1547,tempor
1548,id
1549,nascetur
1550,semper
1551,in
1552,scelerisque
1553,faucibus
1554,neque
1555,Phasellus
1556,sagittis
1557,gravida
1558,porttitor
1559,lobortis
1560,Nam
1561,varius
1562,molestie
1563,neque
1564,eu
1565,ipsum
1566,Integer
1567,nostra
1568,dictum
1569,Cras
1570,natoque
1571,nec
1572,gravida
1573,per
1574,taciti
1575,arcu
1576,sodales
1577,auctor
1578,bibendum
1579,montes
1580,ultrices
1581,natoque
1582,nibh
1583,Duis
1584,aptent
1585,condimentum
1586,rutrum
1587,lacus
1588,ultrices
1589,conubia
1590,orci
1591,metus
1592,vestibulum
1593,nisl
1594,aliquam
1595,mollis
1596,sollicitudin
1597,Integer
1598,eget
1599,erat
1600,ultricies
1601,sem
1602,massa
1603,hendrerit
1604,Cras
1605,Proin
1606,hendrerit
1607,Quisque
1608,Etiam
1609,ipsum
1610,Morbi
1611,metus
1612,Curae
1613,eros
1614,eu
1615,Nullam
1616,imperdiet
1617,condimentum
1618,augue
1619,primis
1620,aliquet
1621,felis
1622,parturient
1623,gravida
1624,mus
1625,ultricies
1626,pede
1627,sapien
1628,dignissim
1629,enim
1630,fringilla
1631,Sed
1632,dis
1633,pretium
1634,facilisi
1635,Nam
1636,turpis
1637,ultrices
1638,nascetur
1639,Praesent
1640,at
1641,tempor
1642,Nulla
1643,aliquet
1644,Ut
1645,Suspendisse
1646,eget
1647,auctor
1648,malesuada
1649,tristique
1650,In
1651,Quisque
1652,purus
1653,nibh
1654,ac
1655,Nam
1656,facilisis
1657,Etiam
1658,et
1659,convallis
1660,sodales
1661,in
1662,nascetur
1663,mauris
1664,neque
1665,pede
1666,rhoncus
1667,Vestibulum
1668,purus
1669,urna
1670,Cras
1671,arcu
1672,vulputate
1673,est
1674,metus
1675,pretium
1676,Nam
1677,congue
1678,erat
1679,dis
1680,Nam
1681,est
1682,varius
1683,ante
1684,Cras
1685,quis
1686,pharetra
1687,habitant
1688,malesuada
1689,Donec
1690,facilisis
1691,Suspendisse
1692,ac
1693,dictum
1694,volutpat
1695,pellentesque
1696,lobortis
1697,Phasellus
1698,mattis
1699,primis
1700,tristique
1701,dictum
1702,volutpat
1703,quis
1704,iaculis
1705,volutpat
1706,dis
1707,molestie
1708,litora
1709,nisl
1710,velit
1711,mi
1712,urna
1713,commodo
1714,eros
1715,mauris
1716,posuere
1717,viverra
1718,Quisque
1719,posuere
1720,leo
1721,felis
1722,id
1723,Nam
1724,Proin
1725,Aliquam
1726,Mauris
1727,egestas
1728,nonummy
1729,pharetra
1730,blandit
1731,quam
1732,malesuada
1733,egestas
1734,eros
1735,malesuada
1736,a
1737,molestie
1738,lacinia
1739,lectus
1740,nisi
1741,porttitor
1742,Aenean
1743,sagittis
1744,netus
1745,vitae
1746,metus
1747,dui
1748,convallis
1749,mollis
1750,dolor
1751,lacus
1752,per
1753,sapien
1754,Nullam
1755,sed
1756,tempus
1757,dignissim
1758,dictum
1759,elementum
1760,Cras
1761,parturient
1762,lobortis
1763,cubilia
1764,Etiam
1765,nulla
1766,tempus
1767,tellus
1768,elementum
1769,per
1770,tellus
1771,Sed
1772,ultricies
1773,pede
1774,tellus
1775,nibh
1776,libero
1777,ridiculus
1778,commodo
1779,lorem
1780,Sed
1781,blandit
1782,scelerisque
1783,Lorem
1784,mus
1785,dui
1786,habitant
1787,est
1788,sem
1789,montes
1790,Nam
1791,ad
1792,a
1793,In
1794,egestas
1795,primis
1796,viverra
1797,rhoncus
1798,Aenean
1799,Curabitur
1800,nascetur
1801,imperdiet
1802,torquent
1803,orci
1804,congue
1805,pellentesque
1806,fermentum
1807,Quisque
1808,turpis
1809,nonummy
1810,tortor
1811,aptent
1812,blandit
1813,velit
1814,vulputate
1815,lacinia
1816,molestie
1817,porttitor
1818,sem
1819,laoreet
1820,dui
1821,urna
1822,rutrum
1823,sed
1824,mauris
1825,dapibus
1826,sem
1827,magnis
1828,neque
1829,mollis
1830,mus
1831,Suspendisse
1832,Fusce
1833,libero
1834,eu
1835,venenatis
1836,mi
1837,Aenean
1838,Donec
1839,imperdiet
1840,morbi
1841,Morbi
1842,Cum
1843,semper
1844,eu
1845,ultricies
1846,Nam
1847,In
1848,Morbi
1849,at
1850,dictum
1851,dignissim
1852,Curae
1853,convallis
1854,lorem
1855,cursus
1856,vel
1857,odio
1858,posuere
1859,pede
1860,vitae
1861,aliquam
1862,morbi
1863,Ut
1864,Nullam
1865,Quisque
1866,Class
1867,pharetra
1868,gravida
1869,tellus
1870,Duis
1871,Lorem
1872,est
1873,eleifend
1874,ac
1875,nonummy
1876,sociosqu
1877,aliquet
1878,montes
1879,nonummy
1880,justo
1881,quis
1882,porttitor
1883,justo
1884,natoque
1885,pede
1886,primis
1887,Morbi
1888,libero
1889,iaculis
1890,rutrum
1891,dolor
1892,a
1893,purus
1894,lobortis
1895,enim
1896,interdum
1897,massa
1898,porta
1899,accumsan
1900,amet
1901,primis
1902,condimentum
1903,commodo
1904,sem
1905,augue
1906,malesuada
1907,velit
1908,Class
1909,porttitor
1910,lorem
1911,varius
1912,lobortis
1913,a
1914,in
1915,facilisi
1916,varius
1917,nisi
1918,sociosqu
1919,Pellentesque
1920,Fusce
1921,morbi
1922,dis
1923,sodales
1924,justo
1925,pulvinar
1926,a
1927,Cras
1928,Fusce
1929,lobortis
1930,orci
1931,id
1932,sodales
1933,pretium
1934,varius
1935,tortor
1936,Vestibulum
1937,in
1938,pellentesque
1939,tellus
1940,venenatis
1941,Cras
1942,iaculis
1943,Nulla
1944,morbi
1945,vel
1946,pulvinar
1947,montes
1948,pellentesque
1949,Maecenas
1950,lorem
1951,mi
1952,consectetuer
1953,congue
1954,lobortis
1955,Nulla
1956,nulla
1957,felis
1958,fermentum
1959,venenatis
1960,aliquam
1961,mauris
1962,rhoncus
1963,vulputate
1964,turpis
1965,facilisi
1966,placerat
1967,vestibulum
1968,viverra
1969,Maecenas
1970,feugiat
1971,blandit
1972,laoreet
1973,pretium
1974,a
1975,lorem
1976,turpis
1977,tortor
1978,justo
1979,neque
1980,fames
1981,eget
1982,sodales
1983,sed
1984,pharetra
1985,morbi
1986,libero
1987,neque
1988,adipiscing
1989,inceptos
1990,adipiscing
1991,Vestibulum
1992,litora
1993,dolor
1994,et
1995,lacinia
1996,adipiscing
1997,vulputate
1998,Lorem
1999,vulputate
2000,mauris
2001,Cras
2002,posuere
2003,quam
2004,senectus
2005,pharetra
2006,ante
2007,sodales
2008,mauris
2009,non
2010,cursus
2011,natoque
2012,ligula
2013,facilisis
2014,elit
2015,scelerisque
2016,ad
2017,porta
2018,vitae
2019,pulvinar
2020,magna
2021,cubilia
2022,eget
2023,volutpat
2024,justo
2025,sociosqu
2026,eu
2027,Aliquam
2028,nibh
2029,Vivamus
2030,convallis
2031,scelerisque
2032,Curae
2033,scelerisque
2034,Vestibulum
2035,pretium
2036,Nulla
2037,mollis
2038,laoreet
2039,Etiam
2040,felis
2041,mus
2042,pretium
2043,tempus
2044,ac
2045,gravida
2046,conubia
2047,Curae
2048,velit
2049,molestie
2050,magnis
2051,ligula
2052,ipsum
2053,Suspendisse
2054,aptent
2055,nascetur
2056,Nullam
2057,arcu
2058,aptent
2059,accumsan
2060,senectus
2061,magna
2062,Nulla
2063,et
2064,justo
2065,orci
2066,tristique
2067,Ut
2068,taciti
2069,cubilia
2070,odio
2071,nibh
2072,pede
2073,cubilia
2074,nisl
2075,aliquet
2076,ac
2077,malesuada
2078,pulvinar
2079,mattis
2080,nibh
2081,quis
2082,vel
2083,primis
2084,porta
2085,interdum
2086,vitae
2087,cursus
2088,fermentum
2089,adipiscing
2090,Nam
2091,Class
2092,Maecenas
2093,urna
2094,ultrices
2095,sapien
2096,libero
2097,Cum
2098,semper
2099,habitant
2100,eleifend
2101,sollicitudin
2102,nonummy
2103,Aenean
2104,varius
2105,Vivamus
2106,dictum
2107,egestas
2108,convallis
2109,elit
2110,ante
2111,Vestibulum
2112,consequat
2113,fermentum
2114,natoque
2115,imperdiet
2116,pulvinar
2117,mollis
2118,fames
2119,pretium
2120,ligula
2121,elit
2122,luctus
2123,Cum
2124,cursus
2125,ipsum
2126,massa
2127,magna
2128,hymenaeos
2129,at
2130,mollis
2131,morbi
2132,conubia
2133,malesuada
2134,convallis
2135,convallis
2136,egestas
2137,Nullam
2138,nonummy
2139,ipsum
2140,Pellentesque
2141,nisl
2142,gravida
2143,luctus
2144,ac
2145,facilisis
2146,egestas
2147,libero
2148,Nullam
2149,nisl
2150,Phasellus
2151,cubilia
2152,elit
2153,tortor
2154,per
2155,id
2156,magna
2157,rutrum
2158,ad
2159,penatibus
2160,dui
2161,dictum
2162,pretium
2163,litora
2164,dis
2165,torquent
2166,quis
2167,mollis
2168,conubia
2169,Aliquam
2170,cursus
2171,rhoncus
2172,neque
2173,sit
2174,bibendum
2175,convallis
2176,mauris
2177,Morbi
2178,fringilla
2179,ultricies
2180,Praesent
2181,pretium
2182,condimentum
2183,eget
2184,urna
2185,ornare
2186,egestas
2187,nulla
2188,purus
2189,nonummy
2190,pretium
2191,consequat
2192,sagittis
2193,Integer
2194,Pellentesque
2195,Aliquam
2196,morbi
2197,scelerisque
2198,Etiam
2199,per
2200,tellus
2201,accumsan
2202,Ut
2203,faucibus
2204,urna
2205,libero
2206,metus
2207,tincidunt
2208,risus
2209,cursus
2210,montes
2211,porta
2212,pharetra
2213,nunc
2214,tortor
2215,aptent
2216,nostra
2217,iaculis
2218,dolor
2219,purus
2220,nisl
2221,blandit
2222,enim
2223,pellentesque
2224,faucibus
2225,ultrices
2226,vel
2227,lobortis
2228,netus
2229,neque
2230,molestie
2231,pede
2232,scelerisque
2233,vehicula
2234,metus
2235,Vestibulum
2236,nisi
2237,tellus
2238,per
2239,bibendum
2240,nec
2241,non
2242,morbi
2243,molestie
2244,bibendum
2245,laoreet
2246,sem
2247,quam
2248,conubia
2249,Aenean
2250,placerat
2251,aliquet
2252,ridiculus
2253,leo
2254,a
2255,lectus
2256,eget
2257,quis
2258,nunc
2259,volutpat
2260,neque
2261,Proin
2262,torquent
2263,Praesent
2264,metus
2265,congue
2266,quis
2267,molestie
2268,Lorem
2269,pellentesque
2270,Quisque
2271,tempor
2272,a
2273,nulla
2274,pretium
2275,nibh
2276,Lorem
2277,placerat
2278,augue
2279,ridiculus
2280,justo
2281,orci
2282,et
2283,tempor
2284,mi
2285,consequat
2286,quam
2287,vitae
2288,conubia
2289,semper
2290,massa
2291,aliquet
2292,enim
2293,pharetra
2294,Sed
2295,tellus
2296,Duis
2297,ad
2298,mauris
2299,cubilia
2300,neque
2301,arcu
2302,pellentesque
2303,ultricies
2304,ut
2305,feugiat
2306,euismod
2307,Morbi
2308,nisi
2309,pulvinar
2310,sagittis
2311,id
2312,semper
2313,Lorem
2314,penatibus
2315,libero
2316,lectus
2317,sodales
2318,eleifend
2319,amet
2320,ornare
2321,ligula
2322,Suspendisse
2323,nonummy
2324,dis
2325,leo
2326,ut
2327,consequat
2328,faucibus
2329,nibh
2330,lorem
2331,congue
2332,orci
2333,imperdiet
2334,posuere
2335,leo
2336,tortor
2337,mauris
2338,Cum
2339,sociis
2340,tellus
2341,pharetra
2342,cursus
2343,risus
2344,Nam
2345,ultricies
2346,dignissim
2347,Nulla
2348,rhoncus
2349,ornare
2350,blandit
2351,imperdiet
2352,sollicitudin
2353,mi
2354,primis
2355,mus
2356,Nullam
2357,egestas
2358,varius
2359,dictum
2360,ridiculus
2361,diam
2362,nunc
2363,tempor
2364,aliquam
2365,a
2366,orci
2367,faucibus
2368,pede
2369,taciti
2370,massa
2371,odio
2372,risus
2373,vulputate
2374,rhoncus
2375,Curabitur
2376,vulputate
2377,Sed
2378,dui
2379,urna
2380,ipsum
2381,justo
2382,magna
2383,eros
2384,hymenaeos
2385,sapien
2386,montes
2387,nonummy
2388,sociis
2389,luctus
2390,hendrerit
2391,consequat
2392,montes
2393,sociis
2394,lorem
2395,lectus
2396,Duis
2397,per
2398,consectetuer
2399,ut
2400,Praesent
2401,vitae
2402,Ut
2403,lacus
2404,sociis
2405,netus
2406,facilisis
2407,nisi
2408,eros
2409,turpis
2410,fringilla
2411,id
2412,Nulla
2413,Curabitur
2414,tellus
2415,est
2416,Etiam
2417,Vivamus
2418,magna
2419,sem
2420,fringilla
2421,torquent
2422,mattis
2423,ad
2424,feugiat
2425,orci
2426,sapien
2427,dui
2428,tincidunt
2429,et
2430,Class
2431,blandit
2432,Nam
2433,nulla
2434,Ut
2435,nisl
2436,laoreet
2437,Pellentesque
2438,sollicitudin
2439,felis
2440,condimentum
2441,mi
2442,natoque
2443,habitant
2444,ligula
2445,sociis
2446,hendrerit
2447,euismod
2448,aptent
2449,justo
2450,Donec
2451,pulvinar
2452,id
2453,nisi
2454,elementum
2455,adipiscing
2456,In
2457,lacus
2458,eu
2459,sagittis
2460,pretium
2461,conubia
2462,tempor
2463,nunc
2464,rhoncus
2465,enim
2466,nascetur
2467,Donec
2468,amet
2469,porta
2470,In
2471,Cras
2472,viverra
2473,consectetuer
2474,fames
2475,aliquam
2476,Vestibulum
2477,gravida
2478,netus
2479,gravida
2480,fames
2481,felis
2482,massa
2483,sagittis
2484,est
2485,euismod
2486,egestas
2487,libero
2488,sed
2489,taciti
2490,sollicitudin
2491,Aliquam
2492,tortor
2493,Ut
2494,odio
2495,Aliquam
2496,blandit
2497,leo
2498,Morbi
2499,luctus
2500,morbi
2501,adipiscing
2502,volutpat
2503,Phasellus
2504,amet
2505,montes
2506,quam
2507,leo
2508,vestibulum
2509,Morbi
2510,consequat
2511,arcu
2512,Vivamus
2513,Lorem
2514,primis
2515,Nunc
2516,magnis
2517,primis
2518,habitant
2519,Phasellus
2520,nunc
2521,natoque
2522,sociis
2523,porta
2524,tempus
2525,Phasellus
2526,sem
2527,quis
2528,Pellentesque
2529,non
2530,diam
2531,lectus
2532,arcu
2533,volutpat
2534,aliquet
2535,cubilia
2536,aptent
2537,luctus
2538,nostra
2539,magnis
2540,malesuada
2541,Cras
2542,mattis
2543,augue
2544,vulputate
2545,Fusce
2546,at
2547,nibh
2548,eleifend
2549,Proin
2550,euismod
2551,adipiscing
2552,facilisis
2553,ipsum
2554,enim
2555,sollicitudin
2556,congue
2557,ridiculus
2558,ultricies
2559,pede
2560,quis
2561,scelerisque
2562,magnis
2563,at
2564,dapibus
2565,facilisis
2566,odio
2567,risus
2568,hendrerit
2569,ipsum
2570,Maecenas
2571,sed
2572,tempus
2573,facilisis
2574,vestibulum
2575,massa
2576,sagittis
2577,pharetra
2578,mus
2579,molestie
2580,elementum
2581,at
2582,massa
2583,quam
2584,pede
2585,est
2586,malesuada
2587,Fusce
2588,fermentum
2589,purus
2590,Sed
2591,ornare
2592,magna
2593,scelerisque
2594,tincidunt
2595,fermentum
2596,rutrum
2597,bibendum
2598,sociosqu
2599,mattis
2600,blandit
2601,Ut
2602,ac
2603,hymenaeos
2604,urna
2605,adipiscing
2606,litora
2607,Lorem
2608,tincidunt
2609,mauris
2610,arcu
2611,dapibus
2612,arcu
2613,justo
2614,Ut
2615,inceptos
2616,gravida
2617,iaculis
2618,Quisque
2619,Praesent
2620,ut
2621,arcu
2622,Lorem
2623,congue
2624,primis
2625,sapien
2626,torquent
2627,neque
2628,eu
2629,Morbi
2630,Quisque
2631,velit
2632,dui
2633,mattis
2634,nonummy
2635,litora
2636,imperdiet
2637,dapibus
2638,taciti
2639,Sed
2640,ipsum
2641,hymenaeos
2642,purus
2643,elementum
2644,tincidunt
2645,sagittis
2646,aliquet
2647,Nulla
2648,imperdiet
2649,facilisis
2650,pede
2651,nunc
2652,adipiscing
2653,tellus
2654,nisl
2655,Suspendisse
2656,Class
2657,orci
2658,ullamcorper
2659,pharetra
2660,euismod
2661,imperdiet
2662,ultrices
2663,elit
2664,In
2665,pretium
2666,gravida
2667,condimentum
2668,Suspendisse
2669,Etiam
2670,augue
2671,auctor
2672,viverra
2673,Pellentesque
2674,fringilla
2675,non
2676,Lorem
2677,rhoncus
2678,enim
2679,Nunc
2680,mauris
2681,ullamcorper
2682,penatibus
2683,nec
2684,sollicitudin
2685,Cras
2686,cursus
2687,rhoncus
2688,viverra
2689,amet
2690,Morbi
2691,porta
2692,semper
2693,sapien
2694,mauris
2695,condimentum
2696,porttitor
2697,eget
2698,cubilia
2699,odio
2700,id
2701,Praesent
2702,sit
2703,mattis
2704,justo
2705,volutpat
2706,semper
2707,non
2708,magnis
2709,ullamcorper
2710,neque
2711,Nulla
2712,Nullam
2713,dapibus
2714,Lorem
2715,porta
2716,sagittis
2717,id
2718,rutrum
2719,ipsum
2720,sollicitudin
2721,non
2722,Integer
2723,luctus
2724,velit
2725,Cum
2726,mattis
2727,Duis
2728,fringilla
2729,non
2730,mollis
2731,erat
2732,volutpat
2733,venenatis
2734,ligula
2735,montes
2736,Nullam
2737,primis
2738,enim
2739,ultricies
2740,in
2741,quam
2742,porta
2743,viverra
2744,tincidunt
2745,sociis
2746,Lorem
2747,viverra
2748,Class
2749,amet
2750,sodales
2751,consectetuer
2752,dui
2753,facilisi
2754,Class
2755,interdum
2756,gravida
2757,magnis
2758,condimentum
2759,inceptos
2760,Donec
2761,ridiculus
2762,non
2763,aliquam
2764,fringilla
2765,Phasellus
2766,pretium
2767,Cras
2768,Donec
2769,imperdiet
2770,urna
2771,nisi
2772,sed
2773,urna
2774,sit
2775,Curae
2776,ultricies
2777,imperdiet
2778,posuere
2779,rutrum
2780,nisi
2781,In
2782,leo
2783,eget
2784,lacus
2785,Maecenas
2786,sed
2787,purus
2788,eros
2789,Nulla
2790,facilisis
2791,erat
2792,nibh
2793,aptent
2794,enim
2795,quis
2796,mi
2797,vestibulum
2798,Pellentesque
2799,quis
2800,tellus
2801,torquent
2802,Maecenas
2803,ullamcorper
2804,Proin
2805,ullamcorper
2806,commodo
2807,convallis
2808,aliquam
2809,mollis
2810,lectus
2811,Proin
2812,mollis
2813,hymenaeos
2814,feugiat
2815,felis
2816,tempor
2817,justo
2818,nisi
2819,pellentesque
2820,ipsum
2821,inceptos
2822,hymenaeos
2823,inceptos
2824,lorem
2825,lacinia
2826,Proin
2827,tempor
2828,Proin
2829,justo
2830,lacinia
2831,arcu
2832,imperdiet
2833,nec
2834,volutpat
2835,volutpat
2836,et
2837,pulvinar
2838,aliquet
2839,Pellentesque
2840,quis
2841,posuere
2842,parturient
2843,quam
2844,ad
2845,metus
2846,tincidunt
2847,aptent
2848,ullamcorper
2849,Lorem
2850,Duis
2851,Duis
2852,quam
2853,laoreet
2854,Quisque
2855,Nullam
2856,mi
2857,Aliquam
2858,Etiam
2859,metus
2860,adipiscing
2861,sociis
2862,sagittis
2863,Curae
2864,ipsum
2865,ullamcorper
2866,tortor
2867,velit
2868,odio
2869,sit
2870,fringilla
2871,malesuada
2872,tempor
2873,nulla
2874,Duis
2875,vel
2876,nec
2877,inceptos
2878,in
2879,ac
2880,rhoncus
2881,vestibulum
2882,nunc
2883,ultrices
2884,venenatis
2885,mi
2886,Suspendisse
2887,sem
2888,amet
2889,Maecenas
2890,luctus
2891,condimentum
2892,Cum
2893,mus
2894,orci
2895,justo
2896,in
2897,enim
2898,eros
2899,senectus
2900,eu
2901,mi
2902,urna
2903,Aliquam
2904,tellus
2905,netus
2906,tortor
2907,quis
2908,risus
2909,risus
2910,lacinia
2911,purus
2912,Nulla
2913,malesuada
2914,quis
2915,pulvinar
2916,turpis
2917,convallis
2918,hendrerit
2919,non
2920,porttitor
2921,Nunc
2922,Class
2923,Phasellus
2924,Curae
2925,per
2926,et
2927,dignissim
2928,sem
2929,commodo
2930,nisi
2931,ante
2932,tellus
2933,adipiscing
2934,senectus
2935,luctus
2936,Fusce
2937,litora
2938,mollis
2939,lacinia
2940,condimentum
2941,Aliquam
2942,ipsum
2943,erat
2944,nascetur
2945,torquent
2946,Quisque
2947,fames
2948,viverra
2949,primis
2950,Aliquam
2951,est
2952,diam
2953,eleifend
2954,luctus
2955,Class
2956,porta
2957,torquent
2958,pharetra
2959,metus
2960,tortor
2961,sociosqu
2962,lectus
2963,natoque
2964,Vestibulum
2965,hymenaeos
2966,accumsan
2967,Ut
2968,fringilla
2969,ultrices
2970,dis
2971,vulputate
2972,id
2973,magna
2974,imperdiet
2975,diam
2976,cursus
2977,in
2978,neque
2979,Vivamus
2980,mus
2981,cubilia
2982,in
2983,nostra
2984,habitant
2985,eleifend
2986,vestibulum
2987,sagittis
2988,natoque
2989,Quisque
2990,ornare
2991,adipiscing
2992,rutrum
2993,elit
2994,vulputate
2995,parturient
2996,sit
2997,sociosqu
2998,taciti
2999,ridiculus
3000,nonummy
3001,a
3002,interdum
3003,vel
3004,Ut
3005,sem
3006,nostra
3007,Curabitur
3008,habitant
3009,lacus
3010,ullamcorper
3011,risus
3012,pretium
3013,Fusce
3014,consectetuer
3015,eget
3016,ullamcorper
3017,pretium
3018,ligula
3019,fames
3020,ultrices
3021,per
3022,ridiculus
3023,mus
3024,posuere
3025,aliquam
3026,risus
3027,egestas
3028,dolor
3029,massa
3030,tempus
3031,hendrerit
3032,vitae
3033,egestas
3034,Class
3035,lacinia
3036,dictum
3037,molestie
3038,turpis
3039,dignissim
3040,tempus
3041,enim
3042,tellus
3043,Proin
3044,gravida
3045,vitae
3046,dignissim
3047,pulvinar
3048,imperdiet
3049,sollicitudin
3050,Cras
3051,laoreet
3052,est
3053,Lorem
3054,elementum
3055,lobortis
3056,sit
3057,mauris
3058,erat
3059,Suspendisse
3060,morbi
3061,pulvinar
3062,eros
3063,cursus
3064,gravida
3065,facilisis
3066,ad
3067,ultrices
3068,urna
3069,aliquam
3070,quam
3071,consequat
3072,montes
3073,lorem
3074,Curae
3075,ad
3076,augue
3077,aliquam
3078,facilisi
3079,Curabitur
3080,Pellentesque
3081,primis
3082,tristique
3083,eros
3084,Proin
3085,habitant
3086,primis
3087,odio
3088,mattis
3089,natoque
3090,ridiculus
3091,magna
3092,suscipit
3093,fringilla
3094,inceptos
3095,primis
3096,malesuada
3097,urna
3098,Etiam
3099,posuere
3100,fermentum
3101,ante
3102,dictum
3103,leo
3104,eros
3105,convallis
3106,nisl
3107,cubilia
3108,semper
3109,imperdiet
3110,pulvinar
3111,neque
3112,auctor
3113,ad
3114,feugiat
3115,Maecenas
3116,augue
3117,Nunc
3118,ad
3119,vel
3120,vitae
3121,cursus
3122,placerat
3123,convallis
3124,enim
3125,varius
3126,diam
3127,in
3128,viverra
3129,est
3130,non
3131,Quisque
3132,enim
3133,porttitor
3134,imperdiet
3135,viverra
3136,Nulla
3137,elit
3138,Maecenas
3139,sit
3140,dui
3141,justo
3142,rhoncus
3143,inceptos
3144,ut
3145,eget
3146,Cras
3147,sem
3148,Curabitur
3149,nunc
3150,nisi
3151,aliquam
3152,dolor
3153,Mauris
3154,ipsum
3155,quis
3156,vulputate
3157,vel
3158,leo
3159,ut
3160,laoreet
3161,erat
3162,Proin
3163,lorem
3164,sodales
3165,scelerisque
3166,condimentum
3167,facilisi
3168,rhoncus
3169,sapien
3170,vitae
3171,parturient
3172,aliquam
3173,blandit
3174,posuere
3175,ornare
3176,dignissim
3177,justo
3178,eget
3179,quis
3180,nisi
3181,rhoncus
3182,Praesent
3183,amet
3184,Aenean
3185,dictum
3186,tristique
3187,Suspendisse
3188,quam
3189,sagittis
3190,iaculis
3191,hymenaeos
3192,felis
3193,posuere
3194,primis
3195,vel
3196,turpis
3197,mi
3198,mattis
3199,sed
3200,conubia
3201,gravida
3202,commodo
3203,Pellentesque
3204,lacus
3205,eros
3206,purus
3207,pellentesque
3208,penatibus
3209,hymenaeos
3210,Duis
3211,rhoncus
3212,neque
3213,sed
3214,facilisi
3215,sem
3216,tellus
3217,aliquet
3218,Curabitur
3219,Curae
3220,parturient
3221,tempor
3222,et
3223,odio
3224,sagittis
3225,risus
3226,mattis
3227,eu
3228,ac
3229,vitae
3230,amet
3231,Praesent
3232,sociosqu
3233,dapibus
3234,In
3235,elementum
3236,velit
3237,magnis
3238,lacus
3239,est
3240,dolor
3241,Praesent
3242,habitant
3243,tortor
3244,nisi
3245,tincidunt
3246,Aliquam
3247,diam
3248,purus
3249,vitae
3250,orci
3251,nisi
3252,mollis
3253,Ut
3254,nisl
3255,consectetuer
3256,Integer
3257,ornare
3258,pellentesque
3259,laoreet
3260,penatibus
3261,viverra
3262,Vestibulum
3263,lectus
3264,Quisque
3265,dignissim
3266,montes
3267,morbi
3268,dui
3269,egestas
3270,sodales
3271,neque
3272,Donec
3273,scelerisque
3274,feugiat
3275,penatibus
3276,magna
3277,orci
3278,hendrerit
3279,volutpat
3280,ultricies
3281,in
3282,aliquam
3283,mauris
3284,egestas
3285,pharetra
3286,cubilia
3287,natoque
3288,Vivamus
3289,Lorem
3290,ante
3291,laoreet
3292,ultrices
3293,sagittis
3294,ligula
3295,sem
3296,nonummy
3297,nisl
3298,tellus
3299,Duis
3300,Maecenas
3301,nisl
3302,vitae
3303,Duis
3304,mus
3305,Vivamus
3306,Pellentesque
3307,vitae
3308,mus
3309,quam
3310,facilisi
3311,torquent
3312,Fusce
3313,euismod
3314,suscipit
3315,Quisque
3316,venenatis
3317,Maecenas
3318,tortor
3319,Nulla
3320,eget
3321,pulvinar
3322,Morbi
3323,nunc
3324,ultricies
3325,consectetuer
3326,pellentesque
3327,pretium
3328,Curae
3329,quam
3330,ultricies
3331,sagittis
3332,bibendum
3333,metus
3334,pulvinar
3335,ultricies
3336,morbi
3337,eros
3338,ornare
3339,vestibulum
3340,Proin
3341,augue
3342,Praesent
3343,odio
3344,eros
3345,varius
3346,iaculis
3347,gravida
3348,lobortis
3349,tellus
3350,semper
3351,Quisque
3352,sapien
3353,est
3354,enim
3355,pharetra
3356,suscipit
3357,Nullam
3358,quis
3359,condimentum
3360,lobortis
3361,risus
3362,taciti
3363,porta
3364,consequat
3365,urna
3366,rutrum
3367,ad
3368,gravida
3369,accumsan
3370,nascetur
3371,dictum
3372,tortor
3373,nulla
3374,mauris
3375,varius
3376,ut
3377,eu
3378,eros
3379,metus
3380,aptent
3381,dis
3382,Pellentesque
3383,primis
3384,at
3385,mollis
3386,Morbi
3387,nostra
3388,quis
3389,fames
3390,elementum
3391,ac
3392,dictum
3393,Proin
3394,Etiam
3395,a
3396,Curae
3397,Ut
3398,placerat
3399,sit
3400,porttitor
3401,volutpat
3402,ultrices
3403,sociosqu
3404,Aliquam
3405,vel
3406,habitant
3407,sollicitudin
3408,Fusce
3409,nisi
3410,luctus
3411,vulputate
3412,augue
3413,iaculis
3414,penatibus
3415,condimentum
3416,sociosqu
3417,dolor
3418,dis
3419,malesuada
3420,litora
3421,ac
3422,massa
3423,ornare
3424,primis
3425,aliquam
3426,sociis
3427,turpis
3428,dignissim
3429,cubilia
3430,placerat
3431,Integer
3432,malesuada
3433,sem
3434,Proin
3435,vestibulum
3436,quis
3437,Duis
3438,urna
3439,at
3440,ligula
3441,pulvinar
3442,tempor
3443,nostra
3444,eu
3445,fermentum
3446,mattis
3447,massa
3448,arcu
3449,rutrum
3450,Duis
3451,quam
3452,fames
3453,litora
3454,In
3455,tincidunt
3456,nec
3457,magnis
3458,nibh
3459,lorem
3460,laoreet
3461,Curabitur
3462,penatibus
3463,facilisi
3464,Aliquam
3465,nulla
3466,enim
3467,taciti
3468,vulputate
3469,morbi
3470,elit
3471,vulputate
3472,dis
3473,inceptos
3474,Vestibulum
3475,sem
3476,posuere
3477,ante
3478,accumsan
3479,Mauris
3480,viverra
3481,egestas
3482,mollis
3483,conubia
3484,primis
3485,inceptos
3486,iaculis
3487,Cras
3488,tellus
3489,nibh
3490,convallis
3491,rutrum
3492,dui
3493,molestie
3494,commodo
3495,bibendum
3496,orci
3497,facilisis
3498,massa
3499,Class
3500,posuere
3501,vehicula
3502,consectetuer
3503,fringilla
3504,vestibulum
3505,euismod
3506,Nullam
3507,consequat
3508,bibendum
3509,tincidunt
3510,ultricies
3511,tellus
3512,imperdiet
3513,ipsum
3514,habitant
3515,congue
3516,torquent
3517,consequat
3518,eros
3519,Integer
3520,volutpat
3521,felis
3522,auctor
3523,Vivamus
3524,justo
3525,elit
3526,Donec
3527,Phasellus
3528,diam
3529,erat
3530,eleifend
3531,lorem
3532,faucibus
3533,rutrum
3534,vitae
3535,erat
3536,porta
3537,nisl
3538,elit
3539,neque
3540,pharetra
3541,conubia
3542,sollicitudin
3543,sagittis
3544,fames
3545,natoque
3546,bibendum
3547,rhoncus
3548,justo
3549,Integer
3550,odio
3551,eleifend
3552,scelerisque
3553,scelerisque
3554,fermentum
3555,eleifend
3556,condimentum
3557,fringilla
3558,taciti
3559,porta
3560,torquent
3561,eleifend
3562,habitant
3563,senectus
3564,dapibus
3565,Nullam
3566,gravida
3567,Etiam
3568,posuere
3569,habitant
3570,Ut
3571,Curabitur
3572,sollicitudin
3573,malesuada
3574,ut
3575,senectus
3576,ultrices
3577,fermentum
3578,ut
3579,venenatis
3580,iaculis
3581,lorem
3582,venenatis
3583,Nullam
3584,urna
3585,nibh
3586,adipiscing
3587,diam
3588,aptent
3589,nisl
3590,neque
3591,varius
3592,ligula
3593,ullamcorper
3594,scelerisque
3595,pellentesque
3596,aliquet
3597,quam
3598,mauris
3599,Nunc
3600,Pellentesque
